date,symbol,name,address,price_usd,volume_24h_usd,liquidity_usd,volume_7d_avg,volume_momentum_pct,volume_trend,volume_spike,volume_spike_label,price_change_pct,divergence_status,liquidity_trend_pct,liquidity_trend,momentum_signal
2025-10-07,SOL,Solana,9n4nbM75f5Ui33ZbPYXn59EwSgE8CGsHtAeTH5YFeJ9E,400.92,26538.36,11189.13,6002.651428571428,342.11062920766443,explosive,True,üî• SPIKE,-63.558690396117,bullish,-39.36456274060972,decreasing,BUY
2025-10-07,obvious,in hindsight,EzcwA7anSrdoH1TMKjbBTd91GD7KwMco9kFZh1AApump,5.183e-06,113.86,9216.54,36.83857142857143,209.07821770659635,explosive,True,üî• SPIKE,-7.396819724852599,bullish,-0.9641886599034797,stable,BUY
2025-10-07,FARTLESS,FARTLESS COIN,FyrBf5xKg5EwKZ9pHvSpJeLLuCWBicTpm3VvZcsibonk,0.0009599,4026.73,4007.55,1823.542857142857,120.8190492604663,explosive,True,üî• SPIKE,-29.522760646108658,bullish,8.815950603741113,stable,BUY
2025-10-07,XBT,XBT,A8YHuvQBMAxXoZAZE72FyC8B7jKHo8RJyByXRRffpump,0.001914,566736.82,433414.22,275792.21,105.49413632821604,explosive,True,üî• SPIKE,21.523809523809522,none,3.3599194591749204,stable,BUY
2025-10-07,viewer,in a streamers world,8X4TnmkHzavxEJuaYTkqjFbUgrwBgaXVuRHhGFR2pump,5.319e-06,8.48,9823.86,3.401666666666667,149.28956393924545,explosive,True,üî• SPIKE,-1.4635050018525275,none,0.8327234768899582,stable,WATCH
2025-10-07,YOU,YOU can change your life.,3nJXYRGSFdfhVAg48cLE3iF3Hhda4CXqTt9XS56Mpump,7.941e-06,29.77,0.0,14.603333333333333,103.85756676557862,explosive,True,üî• SPIKE,-1.9145256916995979,none,0.0,stable,WATCH
2025-10-07,grandma,101 Year Old Pumpfun Livestreamr,4CBToKTRKfBsv8RMfzMr6VfKQ8PLRYeG6RFGZmq4pump,1.043e-05,760.51,15033.54,526.0566666666667,44.568075682594376,rising,False,,-3.604436229205177,none,-6.793483652091102,stable,WATCH
2025-10-07,PROFIT,Profit Protocol,HJ5HdKrTmvE26k7oKq8JFWvudnzge1gFpe6EKZXUbREV,1.897e-06,9.71,2937.8,6.886666666666667,40.997095837366906,rising,False,,-1.3520540821632898,none,0.0,stable,WATCH
2025-10-07,wSOL,Wrapped SOL,So11111111111111111111111111111111111111112,224.32,407850693.36,57696213.56,292053610.32857144,39.649255799698025,rising,False,,-3.9726027397260277,none,0.4707362905910925,stable,WATCH
2025-10-07,HOODIE,Hoodie,JFjfTn5VJkHpacwz7rbnGXDxRUCySZhZ2EdTkrAmoon,0.0002986,351.54,5228.36,260.2157142857143,35.09560749048867,rising,False,,-11.735146319834467,bullish,-0.5139504925438213,stable,WATCH
2025-10-07,HAROLD,Harold,3vgopg7xm3EWkXfxmWPUpcf7g939hecfqg18sLuXDzVt,0.003774,13732.16,569393.72,10454.394999999999,31.35298599297235,rising,False,,2.082769813362173,none,-3.782789092606102,stable,WATCH
2025-10-07,AI4,AI‚Å¥,CZkxnM5PNPak31JSFNzJ76CWcYRu4mgxvBwcHaBJpump,0.0002316,178746.55,94285.34,140731.15666666665,27.01277686743948,rising,False,,-19.47148817802503,bullish,11.994438130497242,stable,WATCH
2025-10-07,gib,gib,6FtbGaqgZzti1TxJksBV4PSya5of9VqA9vJNDxPwbonk,0.0003787,31245.12,160035.1,24850.812857142857,25.730776613285826,rising,False,,-1.712950947313785,none,-13.227308794120878,stable,WATCH
2025-10-07,1,1 pill can change your life,qG9NJP4pgFxWWfpFWV7GcYkTKyafDGsnUGCDZLRpump,5.284e-06,914.16,9407.36,738.9671428571428,23.707800656128157,rising,False,,-36.559010685556494,bullish,-26.499028046028727,decreasing,WATCH
2025-10-07,CHARLIE,RIP CHARLIE KIRK,CEqFiJoB6HLncfeieBw3PKKm9wyqrpSHV3VH4qZApump,0.0002297,45842.14,99804.27,57346.87666666667,-20.061662178288937,declining,False,,-19.20506507210694,none,-17.4891876604159,stable,SELL
2025-10-07,1,1 pill can change your life,8wbfBYthc9fC4GsHgCtznZP1PAoXaZ8tnUGBtGMgpump,8.512e-06,536.4,12828.62,682.7471428571429,-21.435042883477053,declining,False,,61.09008327024983,bearish,44.49475460281632,increasing,SELL
2025-10-07,PILL,PumpFun Pill,8z55m3BmsPkmDfi5b5dAomBvYi1cDmW92hrEJTLdpump,7.659e-06,260.6,11180.83,336.36,-22.52348674039719,declining,False,,-15.304655534667688,none,-1.9226298924299212,stable,SELL
2025-10-07,USEFUL,USEFUL COIN,HD3JBABeFkdZwUgKwhwJYqjLNrPWXEaDVfH4uMqRpump,0.0002313,22282.85,109046.65,29375.68,-24.14524531857646,declining,False,,22.316234796404032,bearish,4.260110051576147,stable,SELL
2025-10-07,AUSBAGWORK,AUSSIE BAG WORKERS,9h5y3WCqfeNt2fiAP7iM2ZRp9apFb58ipvTzcWi9pump,2.008e-05,712.81,21717.3,940.4549999999999,-24.205836536570065,declining,False,,15.935334872979222,bearish,3.5166676835313617,stable,SELL
2025-10-07,$CrepSol,Crepe on Solana,HW2B2wvyEir3iqvYbYqbHWyR7rA6DqCR3WQSy4USpump,3.134e-05,2092.01,22321.63,2767.9966666666664,-24.421513031687166,declining,False,,-18.892339544513458,none,7.605702107269079,stable,SELL
2025-10-07,BAR,BullArena,Et2bFLuPCW77hGW2g7UdrboPVuxatFZt4BaCzhCqpump,0.0001974,18618.51,56811.35,25253.853333333333,-26.27457776740606,declining,False,,-13.799126637554593,none,4.173917348643351,stable,SELL
2025-10-07,APOLLO,Apollo AI,6k1rwsNMBwbRJrWck3sEVCjn4MvF9ty8A6iSGfxjxREV,6.664e-06,465.09,5472.29,764.0866666666666,-39.13125038171935,declining,False,,-29.578357814646527,none,-16.873029978505407,stable,SELL
2025-10-07,YAO,YAO MING,VnqKnEybGaw6G5ZAdjvPDri5RzDLPXznqxBunG13GJE,0.0001082,1593.21,53979.17,3165.521666666667,-49.66990696109594,declining,False,,-11.238720262510249,none,-3.624200017675723,stable,SELL
2025-10-07,RUECAT,Rue Cat,AMKKkovbUqr5cxmsg22KxTgaRXq6z4f8umrze4JKpump,0.0002452,12163.36,62960.38,24624.115,-50.60386941825118,dead,False,,-47.49464668094219,none,-28.586196711627448,decreasing,SELL
2025-10-07,walkusa,WALKING ACROSS AMERICA,3BrXeqzNKUKsM6MgkWFZX4E2cY8SiwYNwwmVzP2Rpump,6.123e-05,5344.06,34725.19,11177.338333333333,-52.18843842220635,dead,False,,-20.428849902534118,none,-23.96472157555182,decreasing,SELL
2025-10-07,1Bull,One bull run to change your life,EVGox5PPxnFqTsMXMoUBSCUhszqK6UUYf9W7pkwfpump,3.579e-05,3226.78,24685.71,6823.860000000001,-52.71327371898017,dead,False,,-30.01564333202972,none,-18.95664066962838,stable,SELL
2025-10-07,1nu,1nu,44DNPJ2qisA7MMaUmKK5SXvAcPyV7bEzmnK7oYJkbonk,7.948e-05,38823.72,35879.99,93402.87714285715,-58.434128382769,dead,False,,-34.745484400656814,none,-18.590632837752544,stable,SELL
2025-10-07,Useless,Useless Coin,5NnL7oRMtVW3ZqAt95gJQs12Fbz2caCYh9rgy1kQpump,0.0001343,27246.53,57438.87,80697.20666666667,-66.23609276521013,dead,False,,-2.539912917271392,none,-32.65794157164261,decreasing,SELL
2025-10-07,T-2049,Token 2049,2UfyNHveDrYDogW1LypkworjhYVEte8tLDqRTZbguPLx,5.005e-05,7486.2,57161.4,31511.300000000003,-76.24280813549426,dead,False,,-30.49576447715595,none,-0.5180730356281379,stable,SELL
2025-10-07,DETECTIVE,Just can't prove it,14GMPMf3cRANLfJ9QYU19F5XogVGPjCB7f3NLACrpump,2.095e-05,6222.82,19320.51,26583.908333333336,-76.5917790492933,dead,False,,-20.311905667554196,none,-23.201452932915544,decreasing,SELL
2025-10-07,SHITTER,SHITTERCOIN,GuLvigFjAm1yyReTk6EeboHNnLj1tCi62pzWLorxbonk,2.431e-05,4135.49,21470.08,24262.69,-82.95535243618906,dead,False,,-10.559234731420164,none,-16.451615664855083,stable,SELL
2025-10-07,1SOL,1 SOL and a dream,8D7n3WYZxUkmhUPveQU4XZdqLfDe4XLEEpPToAk4pump,6.635e-06,1.9,0.0,15.665,-87.87105011171401,dead,False,,38.51774530271399,bearish,-100.0,decreasing,SELL
2025-10-07,PILL,Getpilled,2JaJ353mgRVrGbrxsvHr17hseGtf1kD4ixErXGcNP1LL,6.141e-06,5.39,10161.92,303.2357142857143,-98.22250488775823,dead,False,,-19.819819819819827,none,-2.2958070129895165,stable,SELL
2025-10-07,ELIZABETH,Just Elizabeth Cat,DiiTPZdpd9t3XorHiuZUu4E1FoSaQ7uGN4q9YkQupump,0.001858,47.46,62.4,160764.42714285714,-99.97047854376527,dead,False,,6.050228310502281,bearish,-15.309446254071672,stable,SELL
2025-10-07,early,not wrong just early,7ukFzJA7V6f28YieCjXcEXqiK8tAfbyXyvK6b36pump,6.219e-05,121952.78,33999.61,61411.975,98.5814330185603,surging,False,,-69.36453201970443,bullish,-46.76371335500806,decreasing,HOLD
2025-10-07,FALCONS,THE FALCONS,447veSTPUpNG16GxaNFm8tEC8sc5sao5AEkM6amgn55R,5.701e-06,4.4,11007.12,2.5033333333333334,75.76564580559256,surging,False,,-2.497007012142982,none,0.0,stable,HOLD
2025-10-07,IDIOT,IDIOT,GcPf1ZsZHvnjauhXoFvGMmc2gM73aJ63AYxYC6JAQVoG,1.772e-05,1657.63,18671.99,1401.0083333333334,18.316926499366527,stable,False,,-5.543710021321968,none,-2.282841921269398,stable,HOLD
2025-10-07,MOCHI,MOCHI CULT,4ky1REfghVawQ6EPZGdx7zss5KNKStwE8swjii3uU5sD,1.315e-05,301.53,21869.97,299.36,0.7248797434526855,stable,False,,-10.968178740690593,none,-10.299383907269036,stable,HOLD
2025-10-07,RAGEGUY,Rage Guy,GvV7sFu6FHJsSVXfpG7xqFnWar3c7YkcC74rqe7Bpump,0.000986,72542.48,159591.98,78612.73166666667,-7.7217157297188574,stable,False,,10.266159695817478,none,-2.305856801102835,stable,HOLD
2025-10-07,Hosico,Hosico Cat,HovYQgKum9HALgJmxGdESHNjsn3xezzio5HQVgiPHo1t,5.293e-06,462.02,9280.48,513.6483333333333,-10.051299689476263,stable,False,,-18.794108622276774,none,-7.571016247935895,stable,HOLD
2025-10-07,DREAM,Dreamsync,B9zze29or7CJs1nBrigSCWSibfxvkmieFXcGg5cxbonk,0.0017,108179.43,187371.37,129188.03333333333,-16.262035105934736,stable,False,,-5.450500556173521,none,-1.6142144970870214,stable,HOLD
2025-10-07,VIBECODER,Vibe Coding Meta,7PzU4m13VqkdgWcserfBdxX4cAPQXaZuFNuKarnT1deV,0.0001337,10020.62,54762.42,12772.176666666666,-21.543365226444035,declining,False,,-3.8820992092020057,none,-1.5449177866276451,stable,HOLD
2025-10-07,USDUT,unstable tether,3vz82EWYv8xnc7Cm7qSgERcpMeqw92PcX8PBz88npump,0.0002994,59107.12,115185.15,87829.54666666668,-32.70246489564029,declining,False,,-6.728971962616814,none,-24.666217527002836,decreasing,HOLD
2025-10-07,SUPRACOIN,GIVING CAR AWAY AT 10MIL MC!,LGiKAMtb4BuPdhpThjEbNWbDddqdM5FnxMMHqtzpump,9.747e-06,162.71,14046.88,254.71166666666667,-36.11992645278648,declining,False,,-9.414498141263937,none,-5.079541415460137,stable,HOLD
2025-10-07,LION,Loaded Lions,7kN5FQMD8ja4bzysEgc5FXmryKd6gCgjiWnhksjHCFb3,0.01518,26679.12,2067413.77,43352.025,-38.45934532469937,declining,False,,-5.0656660412757955,none,-3.9899694567164135,stable,HOLD
2025-10-07,JIFFPOM,Jiffpom,7Rw4dgDuwESJEcCAbhxAghLcmkXM5QotupWq8PPc1UeC,7.67e-06,16.5,12532.86,28.354999999999997,-41.80920472579791,declining,False,,-3.92083176750595,none,-3.6941353660785623,stable,HOLD
2025-10-07,BULLCOIN,BULLCOIN,4Xs7RvaV3nbWBvb6yWjxvwPKkBxefXe1bPJcvnVspump,5.941e-06,5.75,9890.32,12.741666666666665,-54.87246566383257,dead,False,,-3.9605560944067197,none,-2.0094836691059443,stable,HOLD
2025-10-07,SLOW,Slow Runner,9iQikUHRe69UScUaytfQabQDmZRqtTkjCEF94ZV5pump,4.614e-06,3.01,8892.9,7.013333333333333,-57.081749049429654,dead,False,,-5.913539967373572,none,0.0,stable,HOLD
2025-10-07,CRND,Crundle,BVvSqvTb9ZVNEkP5UsamR1egAWSGEZiQDU42FS7mmoon,0.0001104,8696.6,59184.04,20625.976666666666,-57.83666324972408,dead,False,,-3.0728709394205467,none,-7.5917457800430785,stable,HOLD
2025-10-07,FATMEOW,BIG FAT CAT,6UMuZxH9jLT3txQkQo6jWXX2HpHrM1mPkGRjE66pzhEp,7.082e-06,6.92,13739.24,19.0025,-63.58373898171293,dead,False,,-5.774348057477374,none,-3.2738746869779343,stable,HOLD
2025-10-07,Streamless,Streamless coin,C8Hyu6bjPtuaTJ4Fj6V6L99rhUkkCuKByNZTyXiCpump,5.983e-06,5.94,10405.25,19.611666666666668,-69.71190617829522,dead,False,,-0.8780649436713084,none,1.282820004166083,stable,HOLD
2025-10-07,2,TWO IS BETTER THAN ONE,9kfdKdj5yiZgozQB9V6qRvBxat5WKHcpNESNjAPxpump,6.587e-06,3.45,0.0,12.416666666666666,-72.21476510067113,dead,False,,-2.008330853912532,none,0.0,stable,HOLD
2025-10-07,AMG,ASCII MEME GENERATOR,6rhFUUZsUbjD4tSHrLetmCuvuM3L2ASTLEAgemZtpump,6.727e-06,4.95,0.0,19.345000000000002,-74.41199276298785,dead,False,,0.05949724825227154,none,0.0,stable,HOLD
2025-10-07,MOON,Moon Moon,99YFbXS6iA7s1qkRDTMBXEywtLNmrRtHtGKvNxpKWcdT,1.067e-05,151.07,14075.99,616.795,-75.5072593000916,dead,False,,-1.7495395948434633,none,1.188876691963898,stable,HOLD
2025-10-07,1dog,1 dog can change your life,8erRtd8mLgNcNoWy2bhMdTgZyXaRR6u7t2hyXRc1pump,1.211e-05,945.25,14855.24,3859.3916666666664,-75.50779807698537,dead,False,,-3.429027113237648,none,1.2493235386731356,stable,HOLD
2025-10-07,Pochita,Pochita,CmLrhRd762bfytq6f3ZV5iuivN1Q8oyPw4evyW4Mbonk,5.921e-06,5.1,10176.77,33.678333333333335,-84.85673281536101,dead,False,,-0.8705842959986665,none,2.027666494227291,stable,HOLD
2025-10-07,67,67coin,2sjdF9vLNWkTpK2XgY2kVWCL4YTMu6vaVA4VxrzUpump,9.697e-05,27238.89,55169.03,194575.18500000003,-86.00084075469337,dead,False,,2.407857218291265,none,4.086421360260061,stable,HOLD
2025-10-07,BITX,Mega Bitminer X,BiTXcnGHmSvX6pwhZPmhsctjG3NjzMbTXtM2b7h5nDZC,1.615e-06,0.37,3175.99,3.445,-89.25979680696662,dead,False,,3.7917737789203043,none,0.0,stable,HOLD
2025-10-07,MMGA,MAKE MEMES GREAT AGAIN,Axix4KAvD9m5iYvUx7wztZnKJfJs7KXxPzPmMv6Npump,4.28e-06,1.2,8411.96,13.875,-91.35135135135137,dead,False,,0.0,none,3.200430862620815,stable,HOLD
2025-10-07,Noxi,Noxi Labs AI,F2yfGhxEi7Hw2mr2XQ3MLrdamiPt2rkdMf8PSyAGpump,5.809e-06,2.56,9659.94,34.315,-92.53970566807519,dead,False,,-6.592699790963186,none,-5.169939273043548,stable,HOLD
2025-10-07,Bagwork,African Bagwork,6NVo6X8ouYRVoKRWe7Y9J6CT4pWZXDthSJCBZ3vgUg8z,5.25e-06,0.64,9864.69,12.63,-94.93269992082342,dead,False,,-1.1113203993219134,none,0.9521421663690459,stable,HOLD
2025-10-07,FLY,Nexa,9NcUwy9JVekfsY4UA62ZaTprn4TDnJZwp5B6vMAAtkzt,0.01621,2.68,9014.0,66.23285714285714,-95.95366995233267,dead,False,,2.4652338811630647,none,5954.540569586245,increasing,HOLD
2025-10-07,FARTWORM,FARTWORM,9zFU5vR7YNBzZU8HwJLUKjoDEonpgvHUdLbMgBa7pump,9.339e-06,57.37,12746.78,1555.58,-96.31198652592603,dead,False,,-7.259185700099302,none,-7.158334662579141,stable,HOLD
2025-10-07,19,Cult of 19,8AgJibpuXYU79bMSzhBv9BCUioxYkoeRVDYz3Tjopump,4.61e-06,70.7,8573.91,1988.982,-96.4454178066971,dead,False,,-8.459094519459887,none,-13.276501569313274,stable,HOLD
2025-10-07,1cat,1 cat can change your life,8ghXDEBVbbYtfdV2cU8jpqsNmiZtDkSjBYmRzj8cpump,6.729e-06,0.98,0.0,29.65,-96.69477234401349,dead,False,,-0.6643046944198372,none,0.0,stable,HOLD
2025-10-07,ORE,Ore Labs,4w4Kj3PmKjJWpsBVCNPeziC2ySdJ6A7cPfqnhyXxpump,4.185e-06,0.16,8126.34,6.712000000000001,-97.61620977353994,dead,False,,-5.445097153185719,none,-3.4736624546549555,stable,HOLD
2025-10-07,pibble,pibble,GS3pHMUtYSu5PPuDFey74frkiRQhPdvx8jEeN6Qzbonk,5.505e-06,49.37,8194.95,3112.68,-98.41390698690518,dead,False,,-2.376307856002835,none,-9.087227981113982,stable,HOLD
2025-10-07,BLUB,Blub,HxMQWY4DLbUrPXyejuKvu2KJ618zdTRs9dXEuFGrpump,4.973e-06,0.35,9184.78,23.503999999999998,-98.51089176310414,dead,False,,0.974619289340084,none,0.5460377234562066,stable,HOLD
2025-10-07,REVIVE,reviving the memes,4Y6HDaV4374KstQX8qD1L35WiQDwHZaHLez8xs6GrKcf,5.982e-06,0.29,11698.02,25.451999999999998,-98.86060034574886,dead,False,,0.7070707070707005,none,1.1286833928969828,stable,HOLD
2025-10-07,Jewcat,Jewish Cat,7oBcd1aAkUjUTcfZsR3rQvnG5oMPDzjX9uDnRVn6pump,6.33e-06,1.1,0.0,103.27,-98.93483102546723,dead,False,,0.6039415130324244,none,0.0,stable,HOLD
2025-10-07,RWA,Real World Asses,7N8qk43L1PCcaqudkEasGpKqcunX1ChXYo2VB1g8bonk,7.611e-08,0.76,8095.4,329.93285714285713,-99.7696501019688,dead,False,,-0.03940110323089607,none,-2.8257756448652636,stable,HOLD
2025-10-07,7,7 Coin,CAamcXXVWM8b8DcpcT2rpEwwfNfBD2MXjHjCwRDBpump,1.173e-05,0.74,14434.64,357.04833333333335,-99.79274514654878,dead,False,,0.0,none,2.4655523304307208,stable,HOLD
2025-10-06,PILL,PumpFun Pill,8z55m3BmsPkmDfi5b5dAomBvYi1cDmW92hrEJTLdpump,9.043e-06,1604.79,12490.55,314.2314285714286,410.70321237304626,explosive,True,üî• SPIKE,43.74503258623428,none,20.093359100829737,increasing,BUY
2025-10-06,DREAM,Dreamsync,B9zze29or7CJs1nBrigSCWSibfxvkmieFXcGg5cxbonk,0.001798,423650.11,196698.2,133389.75400000002,217.60318712335277,explosive,True,üî• SPIKE,3.571428571428581,none,-5.838159351344877,stable,BUY
2025-10-06,$CrepSol,Crepe on Solana,HW2B2wvyEir3iqvYbYqbHWyR7rA6DqCR3WQSy4USpump,3.864e-05,8426.13,25314.29,2903.194,190.23654636927466,explosive,True,üî• SPIKE,38.29634931997137,none,14.616750950714104,stable,BUY
2025-10-06,FARTLESS,FARTLESS COIN,FyrBf5xKg5EwKZ9pHvSpJeLLuCWBicTpm3VvZcsibonk,0.001362,3066.95,4764.89,1456.345,110.59227037549479,explosive,True,üî• SPIKE,42.453718230310635,none,21.029677720881093,increasing,BUY
2025-10-06,XBT,XBT,A8YHuvQBMAxXoZAZE72FyC8B7jKHo8RJyByXRRffpump,0.001575,437730.56,400607.09,227301.44166666665,92.57711556529577,surging,False,,-10.865874363327666,bullish,2310206.1707035755,increasing,BUY
2025-10-06,Noxi,Noxi Labs AI,F2yfGhxEi7Hw2mr2XQ3MLrdamiPt2rkdMf8PSyAGpump,6.219e-06,105.72,10273.57,40.666,159.97147494221218,explosive,True,üî• SPIKE,-0.6708193579300414,none,2.431989152163835,stable,WATCH
2025-10-06,SLOW,Slow Runner,9iQikUHRe69UScUaytfQabQDmZRqtTkjCEF94ZV5pump,4.904e-06,12.38,9435.85,9.015,37.32667775929007,rising,False,,3.003570678428913,none,0.0,stable,WATCH
2025-10-06,Gaming,Gaming Cult,3hiutVNCbwCY1vmoPKdXtMtuzg4epn1WzuU1jgpHpump,6.454e-06,13.04,0.0,9.613333333333333,35.64493758668515,rising,False,,-1.0881226053639836,none,0.0,stable,WATCH
2025-10-06,wSOL,Wrapped SOL,So11111111111111111111111111111111111111112,233.6,330220735.03,58413684.46,272754096.49,21.06902857904716,rising,False,,2.2498468003151473,none,2.8727735580630283,stable,WATCH
2025-10-06,USEFUL,USEFUL COIN,HD3JBABeFkdZwUgKwhwJYqjLNrPWXEaDVfH4uMqRpump,0.0001891,20540.08,100566.92,30557.818333333333,-32.782897731955224,declining,False,,-17.746846454980435,none,164467.04303714613,increasing,SELL
2025-10-06,VIBECODER,Vibe Coding Meta,7PzU4m13VqkdgWcserfBdxX4cAPQXaZuFNuKarnT1deV,0.0001391,7614.35,56938.16,13322.488000000001,-42.84588584354514,declining,False,,5.940594059405946,bearish,-7.761099683924947,stable,SELL
2025-10-06,CRND,Crundle,BVvSqvTb9ZVNEkP5UsamR1egAWSGEZiQDU42FS7mmoon,0.0001139,10666.12,61529.58,23011.852,-53.64944985740391,dead,False,,-15.878877400295421,none,-14.151112931751836,stable,SELL
2025-10-06,DETECTIVE,Just can't prove it,14GMPMf3cRANLfJ9QYU19F5XogVGPjCB7f3NLACrpump,2.629e-05,13550.33,22082.97,30656.126,-55.7989486342795,dead,False,,-48.551859099804304,none,-17.216905273338654,stable,SELL
2025-10-06,Useless,Useless Coin,5NnL7oRMtVW3ZqAt95gJQs12Fbz2caCYh9rgy1kQpump,0.0001378,40365.97,59430.32,91387.34199999999,-55.82980189969853,dead,False,,-12.67427122940431,none,-19.212514529910585,stable,SELL
2025-10-06,1,1 pill can change your life,qG9NJP4pgFxWWfpFWV7GcYkTKyafDGsnUGCDZLRpump,4.762e-06,336.86,8878.26,814.2471428571428,-58.629268403941936,dead,False,,-42.7987987987988,none,-9.185052285087973,stable,SELL
2025-10-06,1,1 pill can change your life,8wbfBYthc9fC4GsHgCtznZP1PAoXaZ8tnUGBtGMgpump,8.329e-06,191.72,12877.86,699.1857142857143,-72.57953129150235,dead,False,,74.90550188996217,bearish,44.83810415005384,increasing,SELL
2025-10-06,grandma,101 Year Old Pumpfun Livestreamr,4CBToKTRKfBsv8RMfzMr6VfKQ8PLRYeG6RFGZmq4pump,1.082e-05,112.34,15688.74,479.166,-76.55509781578827,dead,False,,6.811451135241864,bearish,-4.067697323646794,stable,SELL
2025-10-06,SHITTER,SHITTERCOIN,GuLvigFjAm1yyReTk6EeboHNnLj1tCi62pzWLorxbonk,2.718e-05,5538.1,22517.46,27617.22333333333,-79.94693408111145,dead,False,,7.303592577970797,bearish,-30.17711957431767,decreasing,SELL
2025-10-06,T-2049,Token 2049,2UfyNHveDrYDogW1LypkworjhYVEte8tLDqRTZbguPLx,7.201e-05,6935.31,65384.01,36316.32,-80.90304854676906,dead,False,,68.16907986921998,bearish,-20.0351417760429,decreasing,SELL
2025-10-06,1SOL,1SOL,mDJpLmXubnSYmesFYSeYck9AxmA76rpn6nnAs9ppump,4.79e-06,3.69,9274.95,20.253333333333334,-81.78077682685976,dead,False,,-27.719933604949453,none,0.0,stable,SELL
2025-10-06,1dog,1 dog can change your life,8erRtd8mLgNcNoWy2bhMdTgZyXaRR6u7t2hyXRc1pump,1.254e-05,595.96,15451.95,4442.219999999999,-86.58418538478509,dead,False,,9.138381201044377,bearish,-6.861651854816538,stable,SELL
2025-10-06,67,67coin,2sjdF9vLNWkTpK2XgY2kVWCL4YTMu6vaVA4VxrzUpump,9.469e-05,21144.61,55579.6,228042.444,-90.72777434362175,dead,False,,-0.29482994629882464,none,-31.115094516645218,decreasing,SELL
2025-10-06,PILL,Getpilled,2JaJ353mgRVrGbrxsvHr17hseGtf1kD4ixErXGcNP1LL,6.291e-06,7.4,10400.7,86.80714285714285,-91.47535587920677,dead,False,,-18.584185324187917,none,-7.799626613619562,stable,SELL
2025-10-06,FARTWORM,FARTWORM,9zFU5vR7YNBzZU8HwJLUKjoDEonpgvHUdLbMgBa7pump,1.007e-05,77.72,13456.11,1855.2220000000002,-95.81074394331245,dead,False,,-0.8858267716535306,none,-24.526076319128236,decreasing,SELL
2025-10-06,ELIZABETH,Just Elizabeth Cat,DiiTPZdpd9t3XorHiuZUu4E1FoSaQ7uGN4q9YkQupump,0.001752,25.27,61.51,187550.58833333335,-99.98652630193028,dead,False,,-7.15421303656597,none,-99.97423126773197,decreasing,SELL
2025-10-06,1SOL,1 SOL and a dream,8D7n3WYZxUkmhUPveQU4XZdqLfDe4XLEEpPToAk4pump,6.627e-06,53.38,0.0,28.535,87.0685123532504,surging,False,,38.350730688935286,none,0.0,stable,HOLD
2025-10-06,HAROLD,Harold,3vgopg7xm3EWkXfxmWPUpcf7g939hecfqg18sLuXDzVt,0.003697,18019.37,575756.96,9798.841999999999,83.89285182881815,surging,False,,-3.0167890870933856,none,-5.5243537632144655,stable,HOLD
2025-10-06,USDUT,unstable tether,3vz82EWYv8xnc7Cm7qSgERcpMeqw92PcX8PBz88npump,0.000321,99101.49,121516.83,93574.03199999999,5.907042671838714,stable,False,,-18.112244897959183,none,-27.23138746871682,decreasing,HOLD
2025-10-06,BITX,Mega Bitminer X,BiTXcnGHmSvX6pwhZPmhsctjG3NjzMbTXtM2b7h5nDZC,1.556e-06,6.52,3059.61,6.52,0.0,stable,False,,,none,0.0,stable,HOLD
2025-10-06,gib,gib,6FtbGaqgZzti1TxJksBV4PSya5of9VqA9vJNDxPwbonk,0.0003853,23718.12,164513.64,23785.095,-0.28158390790535914,stable,False,,-42.17319525739157,none,196334.1970149254,increasing,HOLD
2025-10-06,2,TWO IS BETTER THAN ONE,9kfdKdj5yiZgozQB9V6qRvBxat5WKHcpNESNjAPxpump,6.722e-06,16.51,0.0,16.9,-2.30769230769229,stable,False,,0.0,none,0.0,stable,HOLD
2025-10-06,BULLCOIN,BULLCOIN,4Xs7RvaV3nbWBvb6yWjxvwPKkBxefXe1bPJcvnVspump,6.186e-06,13.79,10270.89,14.139999999999997,-2.4752475247524606,stable,False,,-0.4025116728385236,none,0.756738197424887,stable,HOLD
2025-10-06,RUECAT,Rue Cat,AMKKkovbUqr5cxmsg22KxTgaRXq6z4f8umrze4JKpump,0.000467,25617.45,88315.89,27116.266000000003,-5.527368701870686,stable,False,,-1.1012282930961348,none,-11.282049118399675,stable,HOLD
2025-10-06,Bagwork,African Bagwork,6NVo6X8ouYRVoKRWe7Y9J6CT4pWZXDthSJCBZ3vgUg8z,5.309e-06,14.03,9958.1,15.028,-6.6409369177535345,stable,False,,0.5682894487592405,none,3.3388125806839906,stable,HOLD
2025-10-06,GAZABOY,GAZA BOY,Fk6e19okXWGxtrHmXBLzkFeDPR2uuyeVYsqGyt89pump,4.422e-06,52.6,8568.02,57.54666666666666,-8.595922150139005,stable,False,,-3.026315789473688,none,0.0,stable,HOLD
2025-10-06,FATMEOW,BIG FAT CAT,6UMuZxH9jLT3txQkQo6jWXX2HpHrM1mPkGRjE66pzhEp,7.516e-06,20.52,14552.4,23.03,-10.89882761615285,stable,False,,1.663735966454749,none,0.0,stable,HOLD
2025-10-06,FALCONS,THE FALCONS,447veSTPUpNG16GxaNFm8tEC8sc5sao5AEkM6amgn55R,5.847e-06,1.31,11287.87,1.5550000000000002,-15.75562700964631,stable,False,,0.0,none,0.0,stable,HOLD
2025-10-06,AI4,AI‚Å¥,CZkxnM5PNPak31JSFNzJ76CWcYRu4mgxvBwcHaBJpump,0.0002876,111484.71,107091.24,133128.078,-16.257553121137978,stable,False,,6.5185185185185235,none,-11.567890820764164,stable,HOLD
2025-10-06,HOODIE,Hoodie,JFjfTn5VJkHpacwz7rbnGXDxRUCySZhZ2EdTkrAmoon,0.0003383,186.0,5762.69,244.995,-24.08008326700545,declining,False,,0.029568302779425792,none,5.74790896712701,stable,HOLD
2025-10-06,APOLLO,Apollo AI,6k1rwsNMBwbRJrWck3sEVCjn4MvF9ty8A6iSGfxjxREV,9.463e-06,607.51,6622.34,823.8860000000001,-26.2628567544539,declining,False,,-1.3345845063079897,none,3.8119379166882226,stable,HOLD
2025-10-06,viewer,in a streamers world,8X4TnmkHzavxEJuaYTkqjFbUgrwBgaXVuRHhGFR2pump,5.398e-06,1.53,9962.21,2.386,-35.87594300083822,declining,False,,2.2154894906267764,none,0.07061650316718367,stable,HOLD
2025-10-06,CHARLIE,RIP CHARLIE KIRK,CEqFiJoB6HLncfeieBw3PKKm9wyqrpSHV3VH4qZApump,0.0002843,37031.86,113285.48,59647.824,-37.91582405420188,declining,False,,-9.082187400063956,none,-16.920510826138916,stable,HOLD
2025-10-06,RAGEGUY,Rage Guy,GvV7sFu6FHJsSVXfpG7xqFnWar3c7YkcC74rqe7Bpump,0.0008942,48868.03,155161.84,79826.782,-38.78241264942886,declining,False,,0.720883081775181,none,-16.6019895424779,stable,HOLD
2025-10-06,1Bull,One bull run to change your life,EVGox5PPxnFqTsMXMoUBSCUhszqK6UUYf9W7pkwfpump,5.114e-05,4546.79,30250.78,7543.276000000001,-39.72393426940762,declining,False,,-2.1805661820963995,none,-18.94641089224973,stable,HOLD
2025-10-06,LION,Loaded Lions,7kN5FQMD8ja4bzysEgc5FXmryKd6gCgjiWnhksjHCFb3,0.01599,25595.32,2159523.4,46686.60600000001,-45.17631031049891,declining,False,,-0.24953212726137597,none,-0.4314625220316988,stable,HOLD
2025-10-06,Streamless,Streamless coin,C8Hyu6bjPtuaTJ4Fj6V6L99rhUkkCuKByNZTyXiCpump,6.036e-06,11.88,10485.3,22.345999999999997,-46.836122796026125,declining,False,,0.0,none,3.2807570356463525,stable,HOLD
2025-10-06,early,not wrong just early,7ukFzJA7V6f28YieCjXcEXqiK8tAfbyXyvK6b36pump,0.000203,25039.59,62566.21,49303.814,-49.21368557815831,declining,False,,-9.937888198757761,none,-9.56771413745904,stable,HOLD
2025-10-06,FLY,Nexa,9NcUwy9JVekfsY4UA62ZaTprn4TDnJZwp5B6vMAAtkzt,0.01582,37.76,8934.27,76.825,-50.8493328994468,dead,False,,0.5721551176096629,none,1.4218380705231684,stable,HOLD
2025-10-06,1nu,1nu,44DNPJ2qisA7MMaUmKK5SXvAcPyV7bEzmnK7oYJkbonk,0.0001218,41820.82,44339.16,102499.40333333334,-59.1989624915215,dead,False,,0.8278145695364225,none,-8.749699016478448,stable,HOLD
2025-10-06,YAO,YAO MING,VnqKnEybGaw6G5ZAdjvPDri5RzDLPXznqxBunG13GJE,0.0001219,1387.12,58723.97,3479.9840000000004,-60.14004662090401,dead,False,,3.5683942225998244,none,-5.378007191236456,stable,HOLD
2025-10-06,retail,retail,6jPg6gSrwtJyHWGTs7tUh2Zs1GzfKzHQNUGfAK1xpump,4.451e-06,15.17,8663.62,39.2475,-61.34785655137269,dead,False,,-3.2601608346011557,none,4.302799588741949,stable,HOLD
2025-10-06,AUSBAGWORK,AUSSIE BAG WORKERS,9h5y3WCqfeNt2fiAP7iM2ZRp9apFb58ipvTzcWi9pump,1.732e-05,350.77,20549.87,985.984,-64.42437199792289,dead,False,,0.11560693641619046,none,-2.3487762632370632,stable,HOLD
2025-10-06,BAR,BullArena,Et2bFLuPCW77hGW2g7UdrboPVuxatFZt4BaCzhCqpump,0.000229,9102.31,62732.13,26580.922,-65.7562292233505,dead,False,,4.949587534372135,none,-0.4563018320147321,stable,HOLD
2025-10-06,MOON,Moon Moon,99YFbXS6iA7s1qkRDTMBXEywtLNmrRtHtGKvNxpKWcdT,1.086e-05,217.33,14378.04,709.9399999999999,-69.38755387779248,dead,False,,1.5902712815715647,none,6.745402751555937,stable,HOLD
2025-10-06,MMGA,MAKE MEMES GREAT AGAIN,Axix4KAvD9m5iYvUx7wztZnKJfJs7KXxPzPmMv6Npump,4.28e-06,5.12,8411.96,18.099999999999998,-71.71270718232043,dead,False,,2.8846153846153744,none,0.0,stable,HOLD
2025-10-06,BEANIE,BEANIE,94bmDAx9PQUZoLCG97h7kCtm1T9uzZCThuUW1cUqAXZy,5.305e-06,2.25,9933.55,8.375,-73.13432835820896,dead,False,,0.0,none,0.0,stable,HOLD
2025-10-06,JIFFPOM,Jiffpom,7Rw4dgDuwESJEcCAbhxAghLcmkXM5QotupWq8PPc1UeC,7.983e-06,7.99,13019.56,32.306666666666665,-75.2682624845233,dead,False,,1.86295776445069,none,0.0,stable,HOLD
2025-10-06,DARE,DareCoin,4bLnK5YuJaqkVX4uWtJ1Qtx3XoZ8eHH37STXSwujpump,9.227e-06,150.85,14101.49,745.362,-79.76151185598407,dead,False,,-3.684759916492697,none,-1.7656627156486155,stable,HOLD
2025-10-06,AI20X,Ai20x.ai,DKffyw1oEVWR3ik7q7tb2shhmZ3jbTkRzT6R5banCxai,1.23,2.34,2876544.69,20.491666666666667,-88.58072387149247,dead,False,,0.0,none,-5.042685859887527,stable,HOLD
2025-10-06,SOL,Solana,9n4nbM75f5Ui33ZbPYXn59EwSgE8CGsHtAeTH5YFeJ9E,1100.18,258.02,18824.43,2580.0333333333333,-89.99935401351404,dead,False,,1.661430419515808,none,-1.0735877137295669,stable,HOLD
2025-10-06,1cat,1 cat can change your life,8ghXDEBVbbYtfdV2cU8jpqsNmiZtDkSjBYmRzj8cpump,6.774e-06,3.66,0.0,36.8175,-90.05907516805865,dead,False,,0.0,none,0.0,stable,HOLD
2025-10-06,RWA,Real World Asses,7N8qk43L1PCcaqudkEasGpKqcunX1ChXYo2VB1g8bonk,7.614e-08,34.63,8096.94,384.795,-91.00040281188684,dead,False,,-1.7675138691781611,none,-4.709259287591405,stable,HOLD
2025-10-06,ORE,Ore Labs,4w4Kj3PmKjJWpsBVCNPeziC2ySdJ6A7cPfqnhyXxpump,4.426e-06,0.73,8614.8,8.35,-91.25748502994011,dead,False,,2.691415313225054,none,7.015883190352307,stable,HOLD
2025-10-06,walkusa,WALKING ACROSS AMERICA,3BrXeqzNKUKsM6MgkWFZX4E2cY8SiwYNwwmVzP2Rpump,7.695e-05,990.0,39786.82,12343.994,-91.97990536936425,dead,False,,1.0903836048344662,none,-2.083603020761706,stable,HOLD
2025-10-06,Hosico,Hosico Cat,HovYQgKum9HALgJmxGdESHNjsn3xezzio5HQVgiPHo1t,6.518e-06,41.26,10349.38,523.9739999999999,-92.12556348215752,dead,False,,0.0,none,2.9722455761567614,stable,HOLD
2025-10-06,Pochita,Pochita,CmLrhRd762bfytq6f3ZV5iuivN1Q8oyPw4evyW4Mbonk,5.973e-06,2.69,10256.27,39.394,-93.17154896684775,dead,False,,0.8611955420466,none,1.240099342193593,stable,HOLD
2025-10-06,obvious,in hindsight,EzcwA7anSrdoH1TMKjbBTd91GD7KwMco9kFZh1AApump,5.597e-06,1.31,9712.14,24.001666666666665,-94.54204569127145,dead,False,,2.1723256663015666,none,1.7153749077065572,stable,HOLD
2025-10-06,SUPRACOIN,GIVING CAR AWAY AT 10MIL MC!,LGiKAMtb4BuPdhpThjEbNWbDddqdM5FnxMMHqtzpump,1.076e-05,10.56,14930.58,273.11199999999997,-96.1334544069832,dead,False,,0.46685340802987696,none,-1.5899882743060951,stable,HOLD
2025-10-06,pibble,pibble,GS3pHMUtYSu5PPuDFey74frkiRQhPdvx8jEeN6Qzbonk,5.639e-06,133.28,8293.86,3623.2316666666666,-96.3215159210999,dead,False,,-6.157430520885354,none,-0.05808152621862403,stable,HOLD
2025-10-06,MoneyBear,The Money Bears,Eo2cfEkpeVZrKjRtG34WZc3qzyeZeXjCRGWsEs4JTaNH,5.046e-06,2.51,9887.77,74.2775,-96.62078018242401,dead,False,,-1.2524461839530487,none,-3.336663707782122,stable,HOLD
2025-10-06,MOCHI,MOCHI CULT,4ky1REfghVawQ6EPZGdx7zss5KNKStwE8swjii3uU5sD,1.477e-05,8.47,23764.62,298.8175,-97.16549398880586,dead,False,,3.9408866995073843,none,-3.2974214403604325,stable,HOLD
2025-10-06,IDIOT,IDIOT,GcPf1ZsZHvnjauhXoFvGMmc2gM73aJ63AYxYC6JAQVoG,1.876e-05,30.66,19557.63,1349.6840000000002,-97.7283571561936,dead,False,,2.5136612021857907,none,0.3950067451444238,stable,HOLD
2025-10-06,7,7 Coin,CAamcXXVWM8b8DcpcT2rpEwwfNfBD2MXjHjCwRDBpump,1.173e-05,0.74,14434.64,428.31000000000006,-99.82722794237819,dead,False,,-2.4126455906822053,none,13.62413756459655,stable,HOLD
2025-10-06,YOU,YOU can change your life.,3nJXYRGSFdfhVAg48cLE3iF3Hhda4CXqTt9XS56Mpump,8.096e-06,0.0,0.0,7.02,-100.0,dead,False,,4.816157431382706,none,0.0,stable,HOLD
2025-10-05,FLY,Nexa,9NcUwy9JVekfsY4UA62ZaTprn4TDnJZwp5B6vMAAtkzt,0.01573,207.38,8828.16,84.638,145.01996739053376,explosive,True,üî• SPIKE,-4.260499087035907,none,5924.814031256397,increasing,BUY
2025-10-05,Streamless,Streamless coin,C8Hyu6bjPtuaTJ4Fj6V6L99rhUkkCuKByNZTyXiCpump,6.036e-06,57.01,10485.3,24.9625,128.38257386079118,explosive,True,üî• SPIKE,2.705461970393075,none,11.059681352040112,stable,BUY
2025-10-05,grandma,101 Year Old Pumpfun Livestreamr,4CBToKTRKfBsv8RMfzMr6VfKQ8PLRYeG6RFGZmq4pump,1.013e-05,840.74,14981.6,570.8725,47.272814857958664,rising,False,,-14.297800338409484,bullish,-8.537687239622759,stable,WATCH
2025-10-05,USDUT,unstable tether,3vz82EWYv8xnc7Cm7qSgERcpMeqw92PcX8PBz88npump,0.000392,131581.24,132616.54,92192.1675,42.72496630475685,rising,False,,-25.176560412292424,bullish,-12.146026097193062,stable,WATCH
2025-10-05,PILL,PumpFun Pill,8z55m3BmsPkmDfi5b5dAomBvYi1cDmW92hrEJTLdpump,7.727e-06,127.24,11400.01,92.65428571428572,37.32770051497115,rising,False,,22.826259736130993,none,8.115995083571699,stable,WATCH
2025-10-05,AI4,AI‚Å¥,CZkxnM5PNPak31JSFNzJ76CWcYRu4mgxvBwcHaBJpump,0.00027,171314.37,102438.93,138538.91999999998,23.657936701108984,rising,False,,46.89880304678999,none,-18.871267694825438,stable,WATCH
2025-10-05,CHARLIE,RIP CHARLIE KIRK,CEqFiJoB6HLncfeieBw3PKKm9wyqrpSHV3VH4qZApump,0.0003127,80582.46,117287.97,65301.815,23.400031071111886,rising,False,,-6.489234449760762,bullish,-9.16500602801954,stable,WATCH
2025-10-05,FARTLESS,FARTLESS COIN,FyrBf5xKg5EwKZ9pHvSpJeLLuCWBicTpm3VvZcsibonk,0.0009561,888.6,3983.4,1134.224,-21.655687060051623,declining,False,,16.854069909557555,bearish,-1.903371101955578,stable,SELL
2025-10-05,RAGEGUY,Rage Guy,GvV7sFu6FHJsSVXfpG7xqFnWar3c7YkcC74rqe7Bpump,0.0008878,65892.86,152996.88,87566.47,-24.751037697420028,declining,False,,-12.7040314650934,none,-7.415061117290628,stable,SELL
2025-10-05,Useless,Useless Coin,5NnL7oRMtVW3ZqAt95gJQs12Fbz2caCYh9rgy1kQpump,0.0001578,75879.2,62774.58,104142.685,-27.13919369372895,declining,False,,-46.25340599455041,none,72.08486561391054,increasing,SELL
2025-10-05,HOODIE,Hoodie,JFjfTn5VJkHpacwz7rbnGXDxRUCySZhZ2EdTkrAmoon,0.0003382,177.09,5606.09,256.794,-31.038108367017912,declining,False,,6.085319949811785,bearish,-7.716404520276224,stable,SELL
2025-10-05,1,1 pill can change your life,8wbfBYthc9fC4GsHgCtznZP1PAoXaZ8tnUGBtGMgpump,8.325e-06,667.73,12798.96,1043.1242857142856,-35.98749361464939,declining,False,,73.14891846921799,bearish,-8.380632096156614,stable,SELL
2025-10-05,1,1 pill can change your life,qG9NJP4pgFxWWfpFWV7GcYkTKyafDGsnUGCDZLRpump,4.808e-06,1375.62,8891.21,2334.1099999999997,-41.06447425356988,declining,False,,-18.618821936357477,none,-5.739362931456726,stable,SELL
2025-10-05,USEFUL,USEFUL COIN,HD3JBABeFkdZwUgKwhwJYqjLNrPWXEaDVfH4uMqRpump,0.0002299,18266.47,109638.3,32561.365999999998,-43.90140143383419,declining,False,,9.476190476190482,bearish,2.7854597756590977,stable,SELL
2025-10-05,BAR,BullArena,Et2bFLuPCW77hGW2g7UdrboPVuxatFZt4BaCzhCqpump,0.0002182,16822.86,60244.9,30950.574999999997,-45.64605019454404,declining,False,,21.35706340378196,bearish,0.3607127763089333,stable,SELL
2025-10-05,DETECTIVE,Just can't prove it,14GMPMf3cRANLfJ9QYU19F5XogVGPjCB7f3NLACrpump,5.11e-05,16278.24,30472.57,34932.575,-53.40097316043836,dead,False,,45.83333333333333,bearish,74.60339379284856,increasing,SELL
2025-10-05,1Bull,One bull run to change your life,EVGox5PPxnFqTsMXMoUBSCUhszqK6UUYf9W7pkwfpump,5.228e-05,2711.35,30185.57,8292.397500000001,-67.30318342795313,dead,False,,-2.0423458872025457,none,-23.029904937289103,decreasing,SELL
2025-10-05,1nu,1nu,44DNPJ2qisA7MMaUmKK5SXvAcPyV7bEzmnK7oYJkbonk,0.0001208,28726.21,44069.0,114635.12,-74.94117858471296,dead,False,,-0.24772914946326052,none,-23.277108064564988,decreasing,SELL
2025-10-05,67,67coin,2sjdF9vLNWkTpK2XgY2kVWCL4YTMu6vaVA4VxrzUpump,9.497e-05,50488.42,55059.61,279766.9025,-81.95339779336479,dead,False,,7.1291596164692494,bearish,-4.043214669188114,stable,SELL
2025-10-05,SHITTER,SHITTERCOIN,GuLvigFjAm1yyReTk6EeboHNnLj1tCi62pzWLorxbonk,2.533e-05,4675.92,21828.68,32033.048,-85.4028252322414,dead,False,,-31.280520889853502,none,-29.026063608587748,decreasing,SELL
2025-10-05,FARTWORM,FARTWORM,9zFU5vR7YNBzZU8HwJLUKjoDEonpgvHUdLbMgBa7pump,1.016e-05,257.93,13516.4,2299.5975,-88.78368931954395,dead,False,,-4.957904583723105,none,-25.25111420435661,decreasing,SELL
2025-10-05,PILL,Getpilled,2JaJ353mgRVrGbrxsvHr17hseGtf1kD4ixErXGcNP1LL,6.291e-06,7.4,10400.7,77.44428571428571,-90.44474368670564,dead,False,,-16.78571428571427,none,-11.056779582747534,stable,SELL
2025-10-05,T-2049,Token 2049,2UfyNHveDrYDogW1LypkworjhYVEte8tLDqRTZbguPLx,4.282e-05,3455.82,54800.03,43661.5725,-92.08498502888324,dead,False,,-15.94032194738908,none,-16.780566875889516,stable,SELL
2025-10-05,gib,gib,6FtbGaqgZzti1TxJksBV4PSya5of9VqA9vJNDxPwbonk,0.0006663,384.15,27620.93,23798.489999999998,-98.38582195761158,dead,False,,34.010458567980685,bearish,-84.83347640927238,decreasing,SELL
2025-10-05,retail,retail,6jPg6gSrwtJyHWGTs7tUh2Zs1GzfKzHQNUGfAK1xpump,4.601e-06,0.34,8940.23,47.27333333333333,-99.2807784515583,dead,False,,7.149510945505355,bearish,0.0,stable,SELL
2025-10-05,HAROLD,Harold,3vgopg7xm3EWkXfxmWPUpcf7g939hecfqg18sLuXDzVt,0.003812,2.26,207.91,7743.709999999999,-99.97081502277332,dead,False,,-4.652326163081543,none,-99.96430897989568,decreasing,SELL
2025-10-05,FATMEOW,BIG FAT CAT,6UMuZxH9jLT3txQkQo6jWXX2HpHrM1mPkGRjE66pzhEp,7.393e-06,48.45,14290.77,24.285,99.50586781964176,surging,False,,-0.06758583400918727,none,0.0,stable,HOLD
2025-10-05,MOCHI,MOCHI CULT,4ky1REfghVawQ6EPZGdx7zss5KNKStwE8swjii3uU5sD,1.421e-05,774.42,23002.74,395.59999999999997,95.75834175935289,surging,False,,-11.408977556109722,bullish,0.0,stable,HOLD
2025-10-05,MoneyBear,The Money Bears,Eo2cfEkpeVZrKjRtG34WZc3qzyeZeXjCRGWsEs4JTaNH,5.11e-06,182.85,10010.58,98.2,86.20162932790222,surging,False,,-3.1095942358740913,none,0.0,stable,HOLD
2025-10-05,Pochita,Pochita,CmLrhRd762bfytq6f3ZV5iuivN1Q8oyPw4evyW4Mbonk,5.922e-06,84.38,10164.06,48.56999999999999,73.72863907761995,surging,False,,3.1527608430587106,none,5.51938715233259,stable,HOLD
2025-10-05,DREAM,Dreamsync,B9zze29or7CJs1nBrigSCWSibfxvkmieFXcGg5cxbonk,0.001736,102861.31,190329.96,60824.665,69.11118211666269,surging,False,,-0.9132420091324311,none,-0.6871596344276582,stable,HOLD
2025-10-05,$CrepSol,Crepe on Solana,HW2B2wvyEir3iqvYbYqbHWyR7rA6DqCR3WQSy4USpump,2.794e-05,2503.98,21285.58,1522.46,64.46934566425391,surging,False,,5.275056518462695,none,-0.662094649619992,stable,HOLD
2025-10-05,Gaming,Gaming Cult,3hiutVNCbwCY1vmoPKdXtMtuzg4epn1WzuU1jgpHpump,6.525e-06,12.84,0.0,7.9,62.531645569620245,surging,False,,-1.375453446191044,none,0.0,stable,HOLD
2025-10-05,XBT,XBT,A8YHuvQBMAxXoZAZE72FyC8B7jKHo8RJyByXRRffpump,0.001767,208526.25,418186.89,185215.618,12.585672985741414,stable,False,,-0.8973639932697841,none,-11.966468656585771,stable,HOLD
2025-10-05,wSOL,Wrapped SOL,So11111111111111111111111111111111111111112,228.46,288189531.1,57586173.97,261260768.782,10.307235350926259,stable,False,,0.34699345543989235,none,2.8859796548126218,stable,HOLD
2025-10-05,1SOL,1SOL,mDJpLmXubnSYmesFYSeYck9AxmA76rpn6nnAs9ppump,4.79e-06,3.69,9274.95,3.69,0.0,stable,False,,,none,0.0,stable,HOLD
2025-10-05,2,TWO IS BETTER THAN ONE,9kfdKdj5yiZgozQB9V6qRvBxat5WKHcpNESNjAPxpump,6.722e-06,17.29,0.0,17.29,0.0,stable,False,,,none,0.0,stable,HOLD
2025-10-05,BEANIE,BEANIE,94bmDAx9PQUZoLCG97h7kCtm1T9uzZCThuUW1cUqAXZy,5.305e-06,14.5,9933.55,14.5,0.0,stable,False,,,none,0.0,stable,HOLD
2025-10-05,FALCONS,THE FALCONS,447veSTPUpNG16GxaNFm8tEC8sc5sao5AEkM6amgn55R,5.847e-06,1.8,11287.87,1.8,0.0,stable,False,,,none,0.0,stable,HOLD
2025-10-05,PUMPFOLIO,Retail Summer,3iE3HmcrKQyNdqoVo4Xrjz291VvtcKtUgJnQDxUepump,4.967e-06,0.38,9455.48,0.38,0.0,stable,False,,0.0,none,0.0,stable,HOLD
2025-10-05,YARA,Justice for Yara,DgAHh7SXLssDjufrLnrU1kPgrxmT7UbZYyCCqmcW6k6e,6.518e-06,1.99,0.0,1.99,0.0,stable,False,,0.0,none,0.0,stable,HOLD
2025-10-05,NeverDie,MEMES WILL NEVER DIE,2Jz5Wf6PGs4x1dJH4FvfMcgEERTmPadLBDsFmtyCpump,4.19e-06,6.47,8237.7,6.6025,-2.0068156001514623,stable,False,,0.0,none,3.663462772664477,stable,HOLD
2025-10-05,ACTIVITIES,REAL LIFE ACTIVITIES,FfTMftfnF64keWwxiREcSBca2PsQtkorb2LWCEdZpump,4.235e-06,20.51,8392.37,21.355,-3.9569187543900672,stable,False,,3.8499264345267292,none,0.0,stable,HOLD
2025-10-05,YAO,YAO MING,VnqKnEybGaw6G5ZAdjvPDri5RzDLPXznqxBunG13GJE,0.0001177,3797.19,56755.94,4003.2000000000003,-5.146133093525185,stable,False,,2.347826086956517,none,6224.133935038164,increasing,HOLD
2025-10-05,RUECAT,Rue Cat,AMKKkovbUqr5cxmsg22KxTgaRXq6z4f8umrze4JKpump,0.0004722,24740.72,88284.02,27490.97,-10.004194104464121,stable,False,,0.19096117122852085,none,-15.436462753747307,stable,HOLD
2025-10-05,walkusa,WALKING ACROSS AMERICA,3BrXeqzNKUKsM6MgkWFZX4E2cY8SiwYNwwmVzP2Rpump,7.612e-05,13338.57,39107.21,15182.4925,-12.145057868462644,stable,False,,-26.80769230769231,none,-3.1750020673649058,stable,HOLD
2025-10-05,viewer,in a streamers world,8X4TnmkHzavxEJuaYTkqjFbUgrwBgaXVuRHhGFR2pump,5.281e-06,2.26,9742.73,2.6,-13.076923076923089,stable,False,,0.0,none,3.6411022876564294,stable,HOLD
2025-10-05,MMGA,MAKE MEMES GREAT AGAIN,Axix4KAvD9m5iYvUx7wztZnKJfJs7KXxPzPmMv6Npump,4.16e-06,17.07,8151.09,24.59,-30.581537210248065,declining,False,,0.0,none,0.0,stable,HOLD
2025-10-05,VIBECODER,Vibe Coding Meta,7PzU4m13VqkdgWcserfBdxX4cAPQXaZuFNuKarnT1deV,0.0001313,9921.1,54694.68,14749.5225,-32.7361275593837,declining,False,,-3.597650513950079,none,-3.095917088810337,stable,HOLD
2025-10-05,APOLLO,Apollo AI,6k1rwsNMBwbRJrWck3sEVCjn4MvF9ty8A6iSGfxjxREV,9.591e-06,547.27,6633.17,877.98,-37.66714503747238,declining,False,,1.1282159426402538,none,-28.8208580767423,decreasing,HOLD
2025-10-05,Bagwork,African Bagwork,6NVo6X8ouYRVoKRWe7Y9J6CT4pWZXDthSJCBZ3vgUg8z,5.279e-06,9.37,9890.29,15.2775,-38.66797578137785,declining,False,,1.0141599693838543,none,4.512725028637138,stable,HOLD
2025-10-05,MOONCOIN,MOON COIN,4h49bD28nPPLXWB1ZmP8JPuv4iKk3KzFpS8bSmGJpump,4.182e-06,8.06,8173.57,14.376666666666667,-43.936934848133546,declining,False,,0.0,none,0.0,stable,HOLD
2025-10-05,Noxi,Noxi Labs AI,F2yfGhxEi7Hw2mr2XQ3MLrdamiPt2rkdMf8PSyAGpump,6.261e-06,11.62,10186.58,24.4025,-52.38192808113923,dead,False,,0.0,none,2.9805646119240774,stable,HOLD
2025-10-05,early,not wrong just early,7ukFzJA7V6f28YieCjXcEXqiK8tAfbyXyvK6b36pump,0.0002254,25440.45,65129.73,55369.87,-54.0536215815569,dead,False,,3.536977491961424,none,1.8105724613530902,stable,HOLD
2025-10-05,AUSBAGWORK,AUSSIE BAG WORKERS,9h5y3WCqfeNt2fiAP7iM2ZRp9apFb58ipvTzcWi9pump,1.73e-05,507.0,20405.81,1144.7875,-55.712304685367364,dead,False,,-6.385281385281383,none,-12.02655524237111,stable,HOLD
2025-10-05,Hosico,Hosico Cat,HovYQgKum9HALgJmxGdESHNjsn3xezzio5HQVgiPHo1t,6.518e-06,275.94,10349.38,644.6524999999999,-57.19554333536284,dead,False,,3.872509960159354,none,7.380323426083669,stable,HOLD
2025-10-05,CRND,Crundle,BVvSqvTb9ZVNEkP5UsamR1egAWSGEZiQDU42FS7mmoon,0.0001354,10877.0,64368.6,26098.285,-58.322931947444054,dead,False,,0.8190618019359608,none,-14.084278255535231,stable,HOLD
2025-10-05,LION,Loaded Lions,7kN5FQMD8ja4bzysEgc5FXmryKd6gCgjiWnhksjHCFb3,0.01603,20834.22,2147524.52,51959.427500000005,-59.902906936378386,dead,False,,-0.619962802231866,none,1.3601101833883993,stable,HOLD
2025-10-05,JIFFPOM,Jiffpom,7Rw4dgDuwESJEcCAbhxAghLcmkXM5QotupWq8PPc1UeC,7.837e-06,16.91,2259.39,44.464999999999996,-61.97008883391432,dead,False,,-1.9394394394394499,none,0.0,stable,HOLD
2025-10-05,1% Club,The 1% Club,HpQUbEAcHrhwSJyYfXLNZvJz9SBksRJJStn86gFdbonk,4.156e-06,149.27,6770.76,473.5175,-68.47634987091288,dead,False,,-8.29655781112092,none,-4.806654069375085,stable,HOLD
2025-10-05,SOL,Solana,9n4nbM75f5Ui33ZbPYXn59EwSgE8CGsHtAeTH5YFeJ9E,1082.2,716.99,18366.09,3044.436,-76.44916825316741,dead,False,,-0.7802257245280608,none,-16.647499528007327,stable,HOLD
2025-10-05,DARE,DareCoin,4bLnK5YuJaqkVX4uWtJ1Qtx3XoZ8eHH37STXSwujpump,9.58e-06,195.96,14453.69,893.99,-78.08029172585823,dead,False,,4.607993011574574,none,5.610311949477817,stable,HOLD
2025-10-05,AI20X,Ai20x.ai,DKffyw1oEVWR3ik7q7tb2shhmZ3jbTkRzT6R5banCxai,1.23,4.86,2877066.87,24.122,-79.85241688085564,dead,False,,0.0,none,-1.4852197793289388,stable,HOLD
2025-10-05,RWA,Real World Asses,7N8qk43L1PCcaqudkEasGpKqcunX1ChXYo2VB1g8bonk,7.751e-08,82.3,8166.21,454.828,-81.9052476980309,dead,False,,-4.07178217821782,none,-13.910670121677379,stable,HOLD
2025-10-05,pibble,pibble,GS3pHMUtYSu5PPuDFey74frkiRQhPdvx8jEeN6Qzbonk,6.009e-06,735.25,8561.17,4321.222,-82.98513707465158,dead,False,,-9.842460615153781,none,-12.544653847764732,stable,HOLD
2025-10-05,BULLCOIN,BULLCOIN,4Xs7RvaV3nbWBvb6yWjxvwPKkBxefXe1bPJcvnVspump,6.211e-06,1.7,10298.11,14.2275,-88.05130908451943,dead,False,,2.020367936925105,none,3.969538401583861,stable,HOLD
2025-10-05,REVIVE,reviving the memes,4Y6HDaV4374KstQX8qD1L35WiQDwHZaHLez8xs6GrKcf,5.94e-06,2.84,11613.56,31.7425,-91.05300464676695,dead,False,,0.8660213958227247,none,2.7515890205404796,stable,HOLD
2025-10-05,PROFIT,Profit Protocol,HJ5HdKrTmvE26k7oKq8JFWvudnzge1gFpe6EKZXUbREV,1.923e-06,0.45,2965.91,5.475,-91.78082191780823,dead,False,,0.05202913631634498,none,0.0,stable,HOLD
2025-10-05,Supershiro,Super Shiro,B1PrDviUajpkxghL1v2w2P8jnxu3FNjcxUDdBNanPLyR,4.517e-06,0.18,8541.69,2.283333333333333,-92.11678832116787,dead,False,,-0.4846882573254052,none,0.0,stable,HOLD
2025-10-05,1cat,1 cat can change your life,8ghXDEBVbbYtfdV2cU8jpqsNmiZtDkSjBYmRzj8cpump,6.774e-06,3.66,0.0,47.870000000000005,-92.35429287654064,dead,False,,-0.3090507726269398,none,0.0,stable,HOLD
2025-10-05,MOON,Moon Moon,99YFbXS6iA7s1qkRDTMBXEywtLNmrRtHtGKvNxpKWcdT,1.069e-05,61.78,14122.17,833.0925,-92.58425685022972,dead,False,,0.7540056550424001,none,6.292097282968251,stable,HOLD
2025-10-05,19,Cult of 19,8AgJibpuXYU79bMSzhBv9BCUioxYkoeRVDYz3Tjopump,5.036e-06,149.19,9100.22,2468.5525,-93.95637726967524,dead,False,,-2.8736740597878563,none,8.107125631698603,stable,HOLD
2025-10-05,7,7 Coin,CAamcXXVWM8b8DcpcT2rpEwwfNfBD2MXjHjCwRDBpump,1.202e-05,29.68,14696.89,535.2025,-94.45443547068632,dead,False,,4.703832752613235,none,17.62150992351383,stable,HOLD
2025-10-05,obvious,in hindsight,EzcwA7anSrdoH1TMKjbBTd91GD7KwMco9kFZh1AApump,5.478e-06,1.36,9504.09,28.540000000000003,-95.23475823405747,dead,False,,2.0872158032053667,none,4.921458685910909,stable,HOLD
2025-10-05,Mementoe,Mementoe,GCU5AT6U8bKYK76KBssLf5a3a3KoNoMGStaVdfeipump,4.565e-06,0.78,8601.3,17.215,-95.46906767354051,dead,False,,0.0,none,1.9233344274611,stable,HOLD
2025-10-05,IDIOT,IDIOT,GcPf1ZsZHvnjauhXoFvGMmc2gM73aJ63AYxYC6JAQVoG,1.83e-05,34.1,19071.21,1679.44,-97.96956128233221,dead,False,,-0.4893964110929683,none,-14.789229541553151,stable,HOLD
2025-10-05,1dog,1 dog can change your life,8erRtd8mLgNcNoWy2bhMdTgZyXaRR6u7t2hyXRc1pump,1.149e-05,97.79,14598.31,5403.785,-98.19034250992591,dead,False,,-1.2037833190025826,none,-5.792131441644059,stable,HOLD
2025-10-05,BLUB,Blub,HxMQWY4DLbUrPXyejuKvu2KJ618zdTRs9dXEuFGrpump,4.925e-06,0.15,9095.12,29.2925,-99.4879235299138,dead,False,,1.4627111660486358,none,-0.43547274737543745,stable,HOLD
2025-10-05,SUPRACOIN,GIVING CAR AWAY AT 10MIL MC!,LGiKAMtb4BuPdhpThjEbNWbDddqdM5FnxMMHqtzpump,1.071e-05,1.24,14845.04,338.75,-99.6339483394834,dead,False,,0.37488284910967007,none,2.7552452102479554,stable,HOLD
2025-10-05,ELIZABETH,Just Elizabeth Cat,DiiTPZdpd9t3XorHiuZUu4E1FoSaQ7uGN4q9YkQupump,0.001887,42.23,90.11,225055.652,-99.98123575230183,dead,False,,3.6813186813186904,none,92.99635896337546,increasing,HOLD
2025-10-04,PILL,Getpilled,2JaJ353mgRVrGbrxsvHr17hseGtf1kD4ixErXGcNP1LL,6.387e-06,237.26,10544.24,84.976,179.20824703445678,explosive,True,üî• SPIKE,-21.622284942937775,bullish,-5.4657213453972915,stable,BUY
2025-10-04,7,7 Coin,CAamcXXVWM8b8DcpcT2rpEwwfNfBD2MXjHjCwRDBpump,1.148e-05,1866.16,14087.31,703.71,165.18878515297496,explosive,True,üî• SPIKE,19.48376353039134,none,0.0,stable,BUY
2025-10-04,BULLCOIN,BULLCOIN,4Xs7RvaV3nbWBvb6yWjxvwPKkBxefXe1bPJcvnVspump,6.088e-06,26.77,10093.14,18.403333333333332,45.46277848215903,rising,False,,-1.5842224377626835,none,0.0,stable,WATCH
2025-10-04,gib,gib,6FtbGaqgZzti1TxJksBV4PSya5of9VqA9vJNDxPwbonk,0.0004972,38567.5,184430.26,29652.075,30.06678284740612,rising,False,,-10.05788712011576,bullish,3.889973558594135,stable,WATCH
2025-10-04,PILL,PumpFun Pill,8z55m3BmsPkmDfi5b5dAomBvYi1cDmW92hrEJTLdpump,7.56e-06,109.83,11280.54,89.11833333333334,23.2406351106207,rising,False,,18.365429779239072,none,4.4106771467260835,stable,WATCH
2025-10-04,Streamless,Streamless coin,C8Hyu6bjPtuaTJ4Fj6V6L99rhUkkCuKByNZTyXiCpump,5.877e-06,17.16,10273.46,14.280000000000001,20.16806722689075,rising,False,,0.3243427791054909,none,0.0,stable,WATCH
2025-10-04,CHARLIE,RIP CHARLIE KIRK,CEqFiJoB6HLncfeieBw3PKKm9wyqrpSHV3VH4qZApump,0.0003344,43598.17,120959.02,60208.26666666666,-27.587734353200666,declining,False,,-22.771362586605083,none,0.0,stable,SELL
2025-10-04,Useless,Useless Coin,5NnL7oRMtVW3ZqAt95gJQs12Fbz2caCYh9rgy1kQpump,0.0002936,81632.92,85294.2,113563.84666666666,-28.11715841256287,declining,False,,30.25732031943211,bearish,0.0,stable,SELL
2025-10-04,1Bull,One bull run to change your life,EVGox5PPxnFqTsMXMoUBSCUhszqK6UUYf9W7pkwfpump,5.337e-05,7123.3,30459.88,10152.746666666668,-29.83869061377152,declining,False,,-32.96910324039186,none,0.0,stable,SELL
2025-10-04,$CrepSol,Crepe on Solana,HW2B2wvyEir3iqvYbYqbHWyR7rA6DqCR3WQSy4USpump,2.654e-05,811.72,20743.91,1195.2866666666666,-32.08993100678777,declining,False,,-11.385642737896495,none,0.0,stable,SELL
2025-10-04,BAR,BullArena,Et2bFLuPCW77hGW2g7UdrboPVuxatFZt4BaCzhCqpump,0.0001798,20460.19,54535.1,35659.81333333333,-42.6239565284694,declining,False,,-26.642186862505092,none,0.0,stable,SELL
2025-10-04,FARTLESS,FARTLESS COIN,FyrBf5xKg5EwKZ9pHvSpJeLLuCWBicTpm3VvZcsibonk,0.0008182,669.14,3682.87,1195.6299999999999,-44.03452573120447,declining,False,,-12.67876200640341,none,-5.540066737285419,stable,SELL
2025-10-04,1nu,1nu,44DNPJ2qisA7MMaUmKK5SXvAcPyV7bEzmnK7oYJkbonk,0.0001211,72736.92,44073.54,136112.3475,-46.56111562545786,declining,False,,-18.341200269723533,none,-18.308432721081942,stable,SELL
2025-10-04,pibble,pibble,GS3pHMUtYSu5PPuDFey74frkiRQhPdvx8jEeN6Qzbonk,6.665e-06,2574.92,9014.08,5217.715,-50.65042839633824,dead,False,,17.985484156487885,bearish,-33.12748989205831,decreasing,SELL
2025-10-04,CRND,Crundle,BVvSqvTb9ZVNEkP5UsamR1egAWSGEZiQDU42FS7mmoon,0.0001343,11557.02,64046.27,31172.046666666665,-62.92505229578551,dead,False,,-29.278567667193258,none,0.0,stable,SELL
2025-10-04,1,1 pill can change your life,8wbfBYthc9fC4GsHgCtznZP1PAoXaZ8tnUGBtGMgpump,9.995e-06,929.94,13969.71,2841.282,-67.2704082171358,dead,False,,85.91889880952381,bearish,33.23265173768739,increasing,SELL
2025-10-04,1,1 pill can change your life,qG9NJP4pgFxWWfpFWV7GcYkTKyafDGsnUGCDZLRpump,5.908e-06,756.74,9776.21,2493.858333333333,-69.65585454934289,dead,False,,-40.890445222611305,none,-34.70896156353185,decreasing,SELL
2025-10-04,APOLLO,Apollo AI,6k1rwsNMBwbRJrWck3sEVCjn4MvF9ty8A6iSGfxjxREV,9.484e-06,290.63,6583.05,988.2166666666666,-70.59045755822778,dead,False,,7.321489193165087,bearish,0.0,stable,SELL
2025-10-04,HOODIE,Hoodie,JFjfTn5VJkHpacwz7rbnGXDxRUCySZhZ2EdTkrAmoon,0.0003188,79.68,5255.37,276.71999999999997,-71.20555073720728,dead,False,,-3.569267997580161,none,-92.46458316664817,decreasing,SELL
2025-10-04,1% Club,The 1% Club,HpQUbEAcHrhwSJyYfXLNZvJz9SBksRJJStn86gFdbonk,4.532e-06,150.15,7069.32,581.6,-74.18328748280607,dead,False,,8.681055155875296,bearish,0.0,stable,SELL
2025-10-04,RUECAT,Rue Cat,AMKKkovbUqr5cxmsg22KxTgaRXq6z4f8umrze4JKpump,0.0004713,6115.69,88162.76,28407.72,-78.4717323319154,dead,False,,-21.239973262032088,none,0.0,stable,SELL
2025-10-04,1dog,1 dog can change your life,8erRtd8mLgNcNoWy2bhMdTgZyXaRR6u7t2hyXRc1pump,1.163e-05,1288.07,14671.94,7172.45,-82.04142238705046,dead,False,,-22.518321119253827,none,0.0,stable,SELL
2025-10-04,MOON,Moon Moon,99YFbXS6iA7s1qkRDTMBXEywtLNmrRtHtGKvNxpKWcdT,1.061e-05,190.84,13910.61,1090.1966666666667,-82.49490153152796,dead,False,,5.888223552894201,bearish,0.0,stable,SELL
2025-10-04,DREAM,Dreamsync,B9zze29or7CJs1nBrigSCWSibfxvkmieFXcGg5cxbonk,0.001752,7913.63,190445.57,46812.450000000004,-83.09503134315766,dead,False,,-15.769230769230758,none,0.0,stable,SELL
2025-10-04,FLY,Nexa,9NcUwy9JVekfsY4UA62ZaTprn4TDnJZwp5B6vMAAtkzt,0.01643,8.65,148.88,53.9525,-83.96737871275658,dead,False,,5.931656995486789,bearish,9.55114054451802,stable,SELL
2025-10-04,DETECTIVE,Just can't prove it,14GMPMf3cRANLfJ9QYU19F5XogVGPjCB7f3NLACrpump,3.504e-05,6576.25,25157.39,41150.68666666667,-84.01910020780537,dead,False,,-12.749003984063744,none,0.0,stable,SELL
2025-10-04,SHITTER,SHITTERCOIN,GuLvigFjAm1yyReTk6EeboHNnLj1tCi62pzWLorxbonk,3.686e-05,5234.66,25697.78,38872.33,-86.53371176875683,dead,False,,-39.83023179888998,none,-7.731179394341109,stable,SELL
2025-10-04,67,67coin,2sjdF9vLNWkTpK2XgY2kVWCL4YTMu6vaVA4VxrzUpump,8.865e-05,20317.56,53003.1,356193.0633333333,-94.29591362339744,dead,False,,-57.965860597439544,none,0.0,stable,SELL
2025-10-04,T-2049,Token 2049,2UfyNHveDrYDogW1LypkworjhYVEte8tLDqRTZbguPLx,5.094e-05,2062.75,57459.08,57063.49,-96.3851667677529,dead,False,,-66.53088042049934,none,0.0,stable,SELL
2025-10-04,19,Cult of 19,8AgJibpuXYU79bMSzhBv9BCUioxYkoeRVDYz3Tjopump,5.185e-06,50.37,9213.13,3241.6733333333336,-98.44617286134117,dead,False,,-13.2943143812709,none,0.0,stable,SELL
2025-10-04,ELIZABETH,Just Elizabeth Cat,DiiTPZdpd9t3XorHiuZUu4E1FoSaQ7uGN4q9YkQupump,0.00182,63.47,73.68,281309.0075,-99.97743762257596,dead,False,,4.537622056289492,none,-99.9681149633863,decreasing,SELL
2025-10-04,early,not wrong just early,7ukFzJA7V6f28YieCjXcEXqiK8tAfbyXyvK6b36pump,0.0002177,113477.82,63865.48,65346.34333333333,73.65596024424322,surging,False,,-17.880045265937373,bullish,0.0,stable,HOLD
2025-10-04,MOONCOIN,MOON COIN,4h49bD28nPPLXWB1ZmP8JPuv4iKk3KzFpS8bSmGJpump,4.182e-06,29.5,8173.57,17.535,68.23495865412032,surging,False,,1.4309968469560896,none,0.0,stable,HOLD
2025-10-04,USEFUL,USEFUL COIN,HD3JBABeFkdZwUgKwhwJYqjLNrPWXEaDVfH4uMqRpump,0.00021,43226.93,104590.96,36135.09,19.62590933079177,stable,False,,-20.604914933837414,none,19.47393569622029,stable,HOLD
2025-10-04,AI4,AI‚Å¥,CZkxnM5PNPak31JSFNzJ76CWcYRu4mgxvBwcHaBJpump,0.0001838,151102.97,84187.52,127613.77,18.40647760817661,stable,False,,-51.66973442019458,none,0.0,stable,HOLD
2025-10-04,FARTWORM,FARTWORM,9zFU5vR7YNBzZU8HwJLUKjoDEonpgvHUdLbMgBa7pump,1.069e-05,3513.34,13729.59,2980.153333333333,17.891249443540946,stable,False,,-40.212527964205826,none,0.0,stable,HOLD
2025-10-04,AUSBAGWORK,AUSSIE BAG WORKERS,9h5y3WCqfeNt2fiAP7iM2ZRp9apFb58ipvTzcWi9pump,1.848e-05,1538.58,20979.52,1357.3833333333334,13.34896798988248,stable,False,,0.1626016260162455,none,0.0,stable,HOLD
2025-10-04,USDUT,unstable tether,3vz82EWYv8xnc7Cm7qSgERcpMeqw92PcX8PBz88npump,0.0005239,87102.4,152899.73,79062.47666666667,10.169075991927555,stable,False,,-18.102235422854463,none,0.0,stable,HOLD
2025-10-04,walkusa,WALKING ACROSS AMERICA,3BrXeqzNKUKsM6MgkWFZX4E2cY8SiwYNwwmVzP2Rpump,0.000104,16174.8,45669.84,15797.133333333333,2.390729119629296,stable,False,,25.61903611547287,none,0.0,stable,HOLD
2025-10-04,VIBECODER,Vibe Coding Meta,7PzU4m13VqkdgWcserfBdxX4cAPQXaZuFNuKarnT1deV,0.0001362,16401.04,55621.73,16358.996666666666,0.25700435173388725,stable,False,,-20.210896309314585,none,0.0,stable,HOLD
2025-10-04,NeverDie,MEMES WILL NEVER DIE,2Jz5Wf6PGs4x1dJH4FvfMcgEERTmPadLBDsFmtyCpump,4.19e-06,6.66,8237.7,6.646666666666666,0.2006018054162668,stable,False,,3.5590706870983535,none,0.0,stable,HOLD
2025-10-04,RAGEGUY,Rage Guy,GvV7sFu6FHJsSVXfpG7xqFnWar3c7YkcC74rqe7Bpump,0.001017,94869.04,163358.8,94791.00666666667,0.08232145229529043,stable,False,,-22.54379284082255,none,0.0,stable,HOLD
2025-10-04,ACTIVITIES,REAL LIFE ACTIVITIES,FfTMftfnF64keWwxiREcSBca2PsQtkorb2LWCEdZpump,4.078e-06,22.2,8060.82,22.2,0.0,stable,False,,,none,0.0,stable,HOLD
2025-10-04,FATMEOW,BIG FAT CAT,6UMuZxH9jLT3txQkQo6jWXX2HpHrM1mPkGRjE66pzhEp,7.398e-06,0.12,14204.27,0.12,0.0,stable,False,,,none,0.0,stable,HOLD
2025-10-04,Gaming,Gaming Cult,3hiutVNCbwCY1vmoPKdXtMtuzg4epn1WzuU1jgpHpump,6.616e-06,2.96,0.0,2.96,0.0,stable,False,,,none,0.0,stable,HOLD
2025-10-04,MMGA,MAKE MEMES GREAT AGAIN,Axix4KAvD9m5iYvUx7wztZnKJfJs7KXxPzPmMv6Npump,4.16e-06,32.11,8151.09,32.11,0.0,stable,False,,,none,0.0,stable,HOLD
2025-10-04,PROFIT,Profit Protocol,HJ5HdKrTmvE26k7oKq8JFWvudnzge1gFpe6EKZXUbREV,1.922e-06,10.5,2964.08,10.5,0.0,stable,False,,,none,0.0,stable,HOLD
2025-10-04,PUMPFOLIO,Retail Summer,3iE3HmcrKQyNdqoVo4Xrjz291VvtcKtUgJnQDxUepump,4.967e-06,0.38,9455.48,0.38,0.0,stable,False,,,none,0.0,stable,HOLD
2025-10-04,SLOW,Slow Runner,9iQikUHRe69UScUaytfQabQDmZRqtTkjCEF94ZV5pump,4.761e-06,5.65,9142.93,5.65,0.0,stable,False,,,none,0.0,stable,HOLD
2025-10-04,YARA,Justice for Yara,DgAHh7SXLssDjufrLnrU1kPgrxmT7UbZYyCCqmcW6k6e,6.518e-06,1.99,0.0,1.99,0.0,stable,False,,,none,0.0,stable,HOLD
2025-10-04,HAROLD,Harold,3vgopg7xm3EWkXfxmWPUpcf7g939hecfqg18sLuXDzVt,0.003998,10006.38,591779.49,10324.193333333333,-3.078335740839157,stable,False,,-4.764173415912354,none,0.0,stable,HOLD
2025-10-04,YAO,YAO MING,VnqKnEybGaw6G5ZAdjvPDri5RzDLPXznqxBunG13GJE,0.000115,3703.92,56009.05,4071.8700000000003,-9.036388686279283,stable,False,,-19.298245614035082,none,0.0,stable,HOLD
2025-10-04,ORE,Ore Labs,4w4Kj3PmKjJWpsBVCNPeziC2ySdJ6A7cPfqnhyXxpump,4.31e-06,9.62,8367.09,10.89,-11.662075298438946,stable,False,,-0.9423121121581279,none,0.0,stable,HOLD
2025-10-04,viewer,in a streamers world,8X4TnmkHzavxEJuaYTkqjFbUgrwBgaXVuRHhGFR2pump,5.281e-06,2.29,9742.73,2.7133333333333334,-15.6019656019656,stable,False,,-2.1674694331233813,none,0.0,stable,HOLD
2025-10-04,IDIOT,IDIOT,GcPf1ZsZHvnjauhXoFvGMmc2gM73aJ63AYxYC6JAQVoG,1.839e-05,1860.43,19108.2,2227.8866666666668,-16.493508047985685,stable,False,,-3.10853530031614,none,0.0,stable,HOLD
2025-10-04,XBT,XBT,A8YHuvQBMAxXoZAZE72FyC8B7jKHo8RJyByXRRffpump,0.001783,145108.89,419325.23,179387.96,-19.108902291993275,stable,False,,-7.087024491922866,none,-12.24155038272981,stable,HOLD
2025-10-04,MOCHI,MOCHI CULT,4ky1REfghVawQ6EPZGdx7zss5KNKStwE8swjii3uU5sD,1.604e-05,145.04,24381.07,206.19,-29.657112372084004,declining,False,,-3.315250150693183,none,0.0,stable,HOLD
2025-10-04,AI20X,Ai20x.ai,DKffyw1oEVWR3ik7q7tb2shhmZ3jbTkRzT6R5banCxai,1.23,19.59,2877066.87,28.9375,-32.30237580993521,declining,False,,-8.208955223880599,none,0.7096420320645832,stable,HOLD
2025-10-04,wSOL,Wrapped SOL,So11111111111111111111111111111111111111112,227.67,165015431.73,57425889.06,254528578.20250002,-35.16821062084604,declining,False,,-0.8189936832934119,none,2.2387115731114022,stable,HOLD
2025-10-04,1cat,1 cat can change your life,8ghXDEBVbbYtfdV2cU8jpqsNmiZtDkSjBYmRzj8cpump,6.795e-06,40.95,0.0,69.975,-41.479099678456585,declining,False,,4.249769868057696,none,0.0,stable,HOLD
2025-10-04,LION,Loaded Lions,7kN5FQMD8ja4bzysEgc5FXmryKd6gCgjiWnhksjHCFb3,0.01613,28044.13,2153331.02,62334.49666666667,-55.0102567604487,dead,False,,-0.677339901477847,none,0.0,stable,HOLD
2025-10-04,SOL,Solana,9n4nbM75f5Ui33ZbPYXn59EwSgE8CGsHtAeTH5YFeJ9E,1090.71,1498.83,18453.12,3626.2974999999997,-58.667759608802086,dead,False,,-4.511311107998317,none,25.73208671798665,increasing,HOLD
2025-10-04,Pochita,Pochita,CmLrhRd762bfytq6f3ZV5iuivN1Q8oyPw4evyW4Mbonk,5.741e-06,15.12,9974.52,36.63333333333333,-58.726114649681534,dead,False,,-1.6783695838328616,none,0.0,stable,HOLD
2025-10-04,Noxi,Noxi Labs AI,F2yfGhxEi7Hw2mr2XQ3MLrdamiPt2rkdMf8PSyAGpump,6.261e-06,11.62,10186.58,28.663333333333338,-59.46040237236888,dead,False,,0.9675858732462572,none,0.0,stable,HOLD
2025-10-04,Hosico,Hosico Cat,HovYQgKum9HALgJmxGdESHNjsn3xezzio5HQVgiPHo1t,6.275e-06,303.8,10040.66,767.5566666666667,-60.41986042290037,dead,False,,2.465708687132584,none,0.0,stable,HOLD
2025-10-04,Supershiro,Super Shiro,B1PrDviUajpkxghL1v2w2P8jnxu3FNjcxUDdBNanPLyR,4.539e-06,0.88,8583.61,3.335,-73.61319340329835,dead,False,,3.7011651816312607,none,0.0,stable,HOLD
2025-10-04,UPC,Upcoin,DHSZ2zaQ2mNtTJFXH3iNUG1oWXr6ZFj4TyfqVdexpump,4.176e-06,1.72,8300.16,7.015000000000001,-75.48111190306487,dead,False,,0.7235890014472002,none,0.0,stable,HOLD
2025-10-04,DARE,DareCoin,4bLnK5YuJaqkVX4uWtJ1Qtx3XoZ8eHH37STXSwujpump,9.158e-06,247.78,13910.71,1126.6666666666667,-78.00769230769231,dead,False,,-5.5681583831717845,none,0.0,stable,HOLD
2025-10-04,BLUB,Blub,HxMQWY4DLbUrPXyejuKvu2KJ618zdTRs9dXEuFGrpump,4.854e-06,6.53,8958.68,39.00666666666667,-83.25927191933002,dead,False,,-6.003098373353999,none,0.0,stable,HOLD
2025-10-04,RWA,Real World Asses,7N8qk43L1PCcaqudkEasGpKqcunX1ChXYo2VB1g8bonk,8.08e-08,43.64,8330.81,547.96,-92.03591503029418,dead,False,,-4.038004750593826,none,-10.177331307757747,stable,HOLD
2025-10-04,MoneyBear,The Money Bears,Eo2cfEkpeVZrKjRtG34WZc3qzyeZeXjCRGWsEs4JTaNH,5.274e-06,4.18,9957.53,55.875,-92.51901565995526,dead,False,,-3.759124087591248,none,0.0,stable,HOLD
2025-10-04,obvious,in hindsight,EzcwA7anSrdoH1TMKjbBTd91GD7KwMco9kFZh1AApump,5.366e-06,2.09,9306.27,35.335,-94.08518466110091,dead,False,,-3.140794223826726,none,2.7376027925800512,stable,HOLD
2025-10-04,Bagwork,African Bagwork,6NVo6X8ouYRVoKRWe7Y9J6CT4pWZXDthSJCBZ3vgUg8z,5.226e-06,0.69,9771.65,17.246666666666666,-95.99922690374952,dead,False,,1.3379872018615346,none,0.0,stable,HOLD
2025-10-04,REVIVE,reviving the memes,4Y6HDaV4374KstQX8qD1L35WiQDwHZaHLez8xs6GrKcf,5.889e-06,1.59,11511.88,41.376666666666665,-96.15725449125915,dead,False,,-1.53820431365993,none,0.0,stable,HOLD
2025-10-04,Mementoe,Mementoe,GCU5AT6U8bKYK76KBssLf5a3a3KoNoMGStaVdfeipump,4.565e-06,0.78,8601.3,22.69333333333333,-96.56286721504112,dead,False,,3.257181633114703,none,0.0,stable,HOLD
2025-10-04,grandma,101 Year Old Pumpfun Livestreamr,4CBToKTRKfBsv8RMfzMr6VfKQ8PLRYeG6RFGZmq4pump,1.182e-05,11.31,16129.28,480.9166666666667,-97.64824120603015,dead,False,,-1.582014987510405,none,0.0,stable,HOLD
2025-10-04,SUPRACOIN,GIVING CAR AWAY AT 10MIL MC!,LGiKAMtb4BuPdhpThjEbNWbDddqdM5FnxMMHqtzpump,1.067e-05,10.12,14798.58,451.25333333333333,-97.75735728637277,dead,False,,-2.823315118397085,none,0.0,stable,HOLD
2025-10-03,PILL,PumpFun Pill,8z55m3BmsPkmDfi5b5dAomBvYi1cDmW92hrEJTLdpump,8.149e-06,105.7,11693.64,46.905,125.34910990299541,explosive,True,üî• SPIKE,16.547482837528584,none,10.0742605246338,stable,BUY
2025-10-03,HOODIE,Hoodie,JFjfTn5VJkHpacwz7rbnGXDxRUCySZhZ2EdTkrAmoon,0.0003306,726.9,5449.46,342.40000000000003,112.29556074766352,explosive,True,üî• SPIKE,3.864278982092384,none,0.0,stable,BUY
2025-10-03,AUSBAGWORK,AUSSIE BAG WORKERS,9h5y3WCqfeNt2fiAP7iM2ZRp9apFb58ipvTzcWi9pump,1.845e-05,1669.42,21044.15,1266.785,31.784004389063654,rising,False,,-20.985010706638107,bullish,0.0,stable,WATCH
2025-10-03,RAGEGUY,Rage Guy,GvV7sFu6FHJsSVXfpG7xqFnWar3c7YkcC74rqe7Bpump,0.001313,124315.32,186049.81,94751.99,31.20074839589121,rising,False,,21.125461254612542,none,0.0,stable,WATCH
2025-10-03,viewer,in a streamers world,8X4TnmkHzavxEJuaYTkqjFbUgrwBgaXVuRHhGFR2pump,5.398e-06,3.81,9955.18,2.925,30.256410256410266,rising,False,,5.822387767104487,none,0.0,stable,WATCH
2025-10-03,KENNY,KENNY KO,AkhHVVk58FmoS8h1fDWzHMZ9YrnqHcZi97mFzhjbpump,4.67e-06,6.59,8777.04,5.183333333333334,27.13826366559485,rising,False,,5.2512959206671095,none,0.0,stable,WATCH
2025-10-03,BULLCOIN,BULLCOIN,4Xs7RvaV3nbWBvb6yWjxvwPKkBxefXe1bPJcvnVspump,6.186e-06,17.65,10193.75,14.219999999999999,24.120956399437414,rising,False,,2.0118733509234765,none,0.0,stable,WATCH
2025-10-03,LION,Loaded Lions,7kN5FQMD8ja4bzysEgc5FXmryKd6gCgjiWnhksjHCFb3,0.01624,96869.1,2168881.31,79479.68000000001,21.87907651364474,rising,False,,0.43290043290042934,none,0.0,stable,WATCH
2025-10-03,FARTWORM,FARTWORM,9zFU5vR7YNBzZU8HwJLUKjoDEonpgvHUdLbMgBa7pump,1.788e-05,3269.5,17828.82,2713.56,20.487477704565222,rising,False,,-6.583072100313469,bullish,0.0,stable,WATCH
2025-10-03,APOLLO,Apollo AI,6k1rwsNMBwbRJrWck3sEVCjn4MvF9ty8A6iSGfxjxREV,8.837e-06,780.16,6379.17,1337.01,-41.64890314956507,declining,False,,-55.50352467270896,none,0.0,stable,SELL
2025-10-03,1nu,1nu,44DNPJ2qisA7MMaUmKK5SXvAcPyV7bEzmnK7oYJkbonk,0.0001483,89989.32,48590.7,157237.49,-42.76853439977958,declining,False,,-28.906999041227234,none,0.0,stable,SELL
2025-10-03,RUECAT,Rue Cat,AMKKkovbUqr5cxmsg22KxTgaRXq6z4f8umrze4JKpump,0.0005984,21218.25,99546.81,39553.735,-46.355887756238445,declining,False,,-12.922002328288706,none,0.0,stable,SELL
2025-10-03,SHITTER,SHITTERCOIN,GuLvigFjAm1yyReTk6EeboHNnLj1tCi62pzWLorxbonk,6.126e-05,19049.49,32249.4,50084.886666666665,-61.96559228179678,dead,False,,10.657514450867067,bearish,0.0,stable,SELL
2025-10-03,pibble,pibble,GS3pHMUtYSu5PPuDFey74frkiRQhPdvx8jEeN6Qzbonk,5.649e-06,2030.03,8298.68,6098.6466666666665,-66.71343478389194,dead,False,,-28.275774504824792,none,0.0,stable,SELL
2025-10-03,1,1 pill can change your life,8wbfBYthc9fC4GsHgCtznZP1PAoXaZ8tnUGBtGMgpump,1.135e-05,997.15,14973.28,4213.593333333333,-76.33492553465845,dead,False,,62.18919691340383,bearish,0.0,stable,SELL
2025-10-03,DREAM,Dreamsync,B9zze29or7CJs1nBrigSCWSibfxvkmieFXcGg5cxbonk,0.00208,15526.44,208893.75,66261.86,-76.5680589105105,dead,False,,14.097641250685665,bearish,0.0,stable,SELL
2025-10-03,1,1 pill can change your life,qG9NJP4pgFxWWfpFWV7GcYkTKyafDGsnUGCDZLRpump,5.376e-06,635.69,9432.58,3319.1175,-80.84761988691271,dead,False,,-52.63436123348018,none,-35.19603505464578,decreasing,SELL
2025-10-03,obvious,in hindsight,EzcwA7anSrdoH1TMKjbBTd91GD7KwMco9kFZh1AApump,5.54e-06,2.75,9548.35,46.416666666666664,-94.0754039497307,dead,False,,5.343221144704313,bearish,0.0,stable,SELL
2025-10-03,USEFUL,USEFUL COIN,HD3JBABeFkdZwUgKwhwJYqjLNrPWXEaDVfH4uMqRpump,0.0002645,13.22,61.11,33771.14333333333,-99.96085415329439,dead,False,,18.13309513175525,bearish,0.0,stable,SELL
2025-10-03,gib,gib,6FtbGaqgZzti1TxJksBV4PSya5of9VqA9vJNDxPwbonk,0.0005528,2.66,83.75,26680.266666666666,-99.99003008465682,dead,False,,12.061625785526054,bearish,0.0,stable,SELL
2025-10-03,XBT,XBT,A8YHuvQBMAxXoZAZE72FyC8B7jKHo8RJyByXRRffpump,0.001919,3.73,17.34,190814.31666666665,-99.99804522005206,dead,False,,-18.13139931740615,none,0.0,stable,SELL
2025-10-03,ELIZABETH,Just Elizabeth Cat,DiiTPZdpd9t3XorHiuZUu4E1FoSaQ7uGN4q9YkQupump,0.001741,730915.78,238700.14,375057.52,94.88098252236084,surging,False,,-12.15943491422805,bullish,0.0,stable,HOLD
2025-10-03,REVIVE,reviving the memes,4Y6HDaV4374KstQX8qD1L35WiQDwHZaHLez8xs6GrKcf,5.981e-06,119.24,11567.46,61.269999999999996,94.61400359066428,surging,False,,1.2698950220115135,none,0.0,stable,HOLD
2025-10-03,GAZABOY,GAZA BOY,Fk6e19okXWGxtrHmXBLzkFeDPR2uuyeVYsqGyt89pump,4.56e-06,114.74,8779.53,60.019999999999996,91.1696101299567,surging,False,,0.5956320317670682,none,0.0,stable,HOLD
2025-10-03,19,Cult of 19,8AgJibpuXYU79bMSzhBv9BCUioxYkoeRVDYz3Tjopump,5.98e-06,9031.9,9886.49,4837.325,86.71269761696806,surging,False,,32.12549712770658,none,0.0,stable,HOLD
2025-10-03,SOL,Solana,9n4nbM75f5Ui33ZbPYXn59EwSgE8CGsHtAeTH5YFeJ9E,1142.24,7876.07,19028.72,4335.453333333334,81.66658465550697,surging,False,,-28.327790675785913,bullish,0.0,stable,HOLD
2025-10-03,IDIOT,IDIOT,GcPf1ZsZHvnjauhXoFvGMmc2gM73aJ63AYxYC6JAQVoG,1.898e-05,2825.26,19480.68,2411.6150000000002,17.152198837708337,stable,False,,-27.39097169089517,none,0.0,stable,HOLD
2025-10-03,DARE,DareCoin,4bLnK5YuJaqkVX4uWtJ1Qtx3XoZ8eHH37STXSwujpump,9.698e-06,1762.65,14354.95,1566.1100000000001,12.549565483905981,stable,False,,5.746374441173252,none,0.0,stable,HOLD
2025-10-03,wSOL,Wrapped SOL,So11111111111111111111111111111111111111112,229.55,319839257.62,56782453.16,284366293.6933333,12.474391203664059,stable,False,,2.3816957316801224,none,0.0,stable,HOLD
2025-10-03,AMG,ASCII MEME GENERATOR,6rhFUUZsUbjD4tSHrLetmCuvuM3L2ASTLEAgemZtpump,6.723e-06,33.74,0.0,33.74,0.0,stable,False,,,none,0.0,stable,HOLD
2025-10-03,JIFFPOM,Jiffpom,7Rw4dgDuwESJEcCAbhxAghLcmkXM5QotupWq8PPc1UeC,7.992e-06,72.02,13013.6,72.02,0.0,stable,False,,,none,0.0,stable,HOLD
2025-10-03,MoneyBear,The Money Bears,Eo2cfEkpeVZrKjRtG34WZc3qzyeZeXjCRGWsEs4JTaNH,5.48e-06,107.57,10229.08,107.57,0.0,stable,False,,,none,0.0,stable,HOLD
2025-10-03,UPC,Upcoin,DHSZ2zaQ2mNtTJFXH3iNUG1oWXr6ZFj4TyfqVdexpump,4.146e-06,12.31,8226.41,12.31,0.0,stable,False,,,none,0.0,stable,HOLD
2025-10-03,YOU,YOU can change your life.,3nJXYRGSFdfhVAg48cLE3iF3Hhda4CXqTt9XS56Mpump,7.724e-06,14.04,0.0,14.04,0.0,stable,False,,,none,0.0,stable,HOLD
2025-10-03,SUPRACOIN,GIVING CAR AWAY AT 10MIL MC!,LGiKAMtb4BuPdhpThjEbNWbDddqdM5FnxMMHqtzpump,1.098e-05,655.99,15171.81,671.8199999999999,-2.356285909916336,stable,False,,4.97131931166348,none,0.0,stable,HOLD
2025-10-03,HAROLD,Harold,3vgopg7xm3EWkXfxmWPUpcf7g939hecfqg18sLuXDzVt,0.004198,9412.73,609423.68,10483.099999999999,-10.2104339365264,stable,False,,4.897551224387797,none,0.0,stable,HOLD
2025-10-03,RWA,Real World Asses,7N8qk43L1PCcaqudkEasGpKqcunX1ChXYo2VB1g8bonk,8.42e-08,617.64,8497.09,716.0666666666666,-13.745461316450976,stable,False,,-20.41587901701323,none,0.0,stable,HOLD
2025-10-03,Hosico,Hosico Cat,HovYQgKum9HALgJmxGdESHNjsn3xezzio5HQVgiPHo1t,6.124e-06,840.06,10050.65,999.435,-15.946509778024584,stable,False,,2.373788030758961,none,0.0,stable,HOLD
2025-10-03,1Bull,One bull run to change your life,EVGox5PPxnFqTsMXMoUBSCUhszqK6UUYf9W7pkwfpump,7.962e-05,9516.66,37321.95,11667.470000000001,-18.434244956275876,stable,False,,-13.182859012103364,none,0.0,stable,HOLD
2025-10-03,AI4,AI‚Å¥,CZkxnM5PNPak31JSFNzJ76CWcYRu4mgxvBwcHaBJpump,0.0003803,93795.47,121099.95,115869.17,-19.05053777462978,stable,False,,-12.13031423290204,none,0.0,stable,HOLD
2025-10-03,$CrepSol,Crepe on Solana,HW2B2wvyEir3iqvYbYqbHWyR7rA6DqCR3WQSy4USpump,2.995e-05,1083.37,22086.03,1387.07,-21.8950737886336,declining,False,,2.2184300341296925,none,0.0,stable,HOLD
2025-10-03,FLY,Nexa,9NcUwy9JVekfsY4UA62ZaTprn4TDnJZwp5B6vMAAtkzt,0.01551,53.22,8809.02,69.05333333333334,-22.929136899015266,declining,False,,-8.764705882352953,none,0.0,stable,HOLD
2025-10-03,grandma,101 Year Old Pumpfun Livestreamr,4CBToKTRKfBsv8RMfzMr6VfKQ8PLRYeG6RFGZmq4pump,1.201e-05,489.46,16353.97,715.72,-31.61292125412173,declining,False,,-5.0592885375494,none,0.0,stable,HOLD
2025-10-03,FARTLESS,FARTLESS COIN,FyrBf5xKg5EwKZ9pHvSpJeLLuCWBicTpm3VvZcsibonk,0.000937,826.18,3936.96,1371.1266666666668,-39.744443742129356,declining,False,,-6.093405492082593,none,0.0,stable,HOLD
2025-10-03,ORE,Ore Labs,4w4Kj3PmKjJWpsBVCNPeziC2ySdJ6A7cPfqnhyXxpump,4.351e-06,6.38,8418.78,11.525,-44.64208242950109,declining,False,,4.340527577937658,none,0.0,stable,HOLD
2025-10-03,Pochita,Pochita,CmLrhRd762bfytq6f3ZV5iuivN1Q8oyPw4evyW4Mbonk,5.839e-06,14.04,10130.64,47.39,-70.3734965182528,dead,False,,4.923629829290221,none,0.0,stable,HOLD
2025-10-03,AI20X,Ai20x.ai,DKffyw1oEVWR3ik7q7tb2shhmZ3jbTkRzT6R5banCxai,1.34,3.93,3029302.92,32.053333333333335,-87.7391846921797,dead,False,,3.875968992248069,none,0.0,stable,HOLD
2025-10-02,KENNY,KENNY KO,AkhHVVk58FmoS8h1fDWzHMZ9YrnqHcZi97mFzhjbpump,4.437e-06,6.7,8389.54,4.48,49.553571428571416,rising,False,,1.48673376029278,none,0.0,stable,WATCH
2025-10-02,PILL,PumpFun Pill,8z55m3BmsPkmDfi5b5dAomBvYi1cDmW92hrEJTLdpump,7.73e-06,48.33,11153.88,34.55,39.88422575976846,rising,False,,13.160591421461,none,0.0,stable,WATCH
2025-10-02,pibble,pibble,GS3pHMUtYSu5PPuDFey74frkiRQhPdvx8jEeN6Qzbonk,7.876e-06,10742.41,9789.19,8132.955,32.08495559117196,rising,False,,-47.38810955243821,bullish,0.0,stable,WATCH
2025-10-02,MINDWORMS,mindworms,iD9FqgeKmp58a4pTvh45MtKkHkudKNptFRdR8m6pump,4.682e-06,370.19,8662.39,284.625,30.06236275801493,rising,False,,-2.132107023411367,none,0.0,stable,WATCH
2025-10-02,Noxi,Noxi Labs AI,F2yfGhxEi7Hw2mr2XQ3MLrdamiPt2rkdMf8PSyAGpump,6.201e-06,48.25,10029.65,37.185,29.75662229393572,rising,False,,0.8948909860071463,none,0.0,stable,WATCH
2025-10-02,RWA,Real World Asses,7N8qk43L1PCcaqudkEasGpKqcunX1ChXYo2VB1g8bonk,1.058e-07,948.13,9485.74,765.28,23.89321555509095,rising,False,,4.7524752475247345,none,0.0,stable,WATCH
2025-10-02,NeverDie,MEMES WILL NEVER DIE,2Jz5Wf6PGs4x1dJH4FvfMcgEERTmPadLBDsFmtyCpump,4.046e-06,8.22,7945.7,6.640000000000001,23.795180722891565,rising,False,,-0.12342631449024921,none,0.0,stable,WATCH
2025-10-02,USDUT,unstable tether,3vz82EWYv8xnc7Cm7qSgERcpMeqw92PcX8PBz88npump,0.0006397,91492.08,166990.72,75042.515,21.92032743039063,rising,False,,19.592447186389972,none,0.0,stable,WATCH
2025-10-02,VIBECODER,Vibe Coding Meta,7PzU4m13VqkdgWcserfBdxX4cAPQXaZuFNuKarnT1deV,0.0001707,12397.99,61729.01,16337.974999999999,-24.115503910368325,declining,False,,16.201497617426817,bearish,0.0,stable,SELL
2025-10-02,CRND,Crundle,BVvSqvTb9ZVNEkP5UsamR1egAWSGEZiQDU42FS7mmoon,0.0001899,30591.85,71671.96,40979.56,-25.348515210997874,declining,False,,-13.9555958314454,none,0.0,stable,SELL
2025-10-02,BAR,BullArena,Et2bFLuPCW77hGW2g7UdrboPVuxatFZt4BaCzhCqpump,0.0002451,32230.12,63019.69,43259.625,-25.49607168346929,declining,False,,7.311733800350262,bearish,0.0,stable,SELL
2025-10-02,T-2049,Token 2049,2UfyNHveDrYDogW1LypkworjhYVEte8tLDqRTZbguPLx,0.0001522,59686.15,81765.93,84563.86,-29.418843936404983,declining,False,,99.86868023637561,bearish,0.0,stable,SELL
2025-10-02,ELIZABETH,Just Elizabeth Cat,DiiTPZdpd9t3XorHiuZUu4E1FoSaQ7uGN4q9YkQupump,0.001982,4.47,46.69,197128.38999999998,-99.99773244229306,dead,False,,14.831981460023158,bearish,0.0,stable,SELL
2025-10-02,YAO,YAO MING,VnqKnEybGaw6G5ZAdjvPDri5RzDLPXznqxBunG13GJE,0.0001425,8481.83,62061.65,4255.845,99.2983767030989,surging,False,,6.981981981981966,none,0.0,stable,HOLD
2025-10-02,67,67coin,2sjdF9vLNWkTpK2XgY2kVWCL4YTMu6vaVA4VxrzUpump,0.0002109,1008177.73,80684.73,524130.815,92.35230998581909,surging,False,,85.48812664907652,none,0.0,stable,HOLD
2025-10-02,DETECTIVE,Just can't prove it,14GMPMf3cRANLfJ9QYU19F5XogVGPjCB7f3NLACrpump,4.016e-05,110479.88,26675.7,58437.905,89.05516890107543,surging,False,,129.87979393245564,none,0.0,stable,HOLD
2025-10-02,Useless,Useless Coin,5NnL7oRMtVW3ZqAt95gJQs12Fbz2caCYh9rgy1kQpump,0.0002254,240068.21,73563.77,129529.31,85.33890900831635,surging,False,,292.1363952679193,none,0.0,stable,HOLD
2025-10-02,USEFUL,USEFUL COIN,HD3JBABeFkdZwUgKwhwJYqjLNrPWXEaDVfH4uMqRpump,0.0002239,88560.81,106667.13,50650.104999999996,74.84822588225633,surging,False,,44.17256922086283,none,0.0,stable,HOLD
2025-10-02,Mementoe,Mementoe,GCU5AT6U8bKYK76KBssLf5a3a3KoNoMGStaVdfeipump,4.421e-06,57.85,8326.25,33.65,71.91679049034177,surging,False,,-2.470769909552173,none,0.0,stable,HOLD
2025-10-02,Streamless,Streamless coin,C8Hyu6bjPtuaTJ4Fj6V6L99rhUkkCuKByNZTyXiCpump,5.858e-06,19.34,10152.23,12.84,50.62305295950156,surging,False,,8.1610044313146,none,0.0,stable,HOLD
2025-10-02,7,7 Coin,CAamcXXVWM8b8DcpcT2rpEwwfNfBD2MXjHjCwRDBpump,9.608e-06,142.45,12703.85,122.48499999999999,16.299955096542437,stable,False,,1.7257808364213867,none,0.0,stable,HOLD
2025-10-02,Bagwork,African Bagwork,6NVo6X8ouYRVoKRWe7Y9J6CT4pWZXDthSJCBZ3vgUg8z,5.157e-06,27.96,9636.36,25.525,9.539666993143985,stable,False,,1.7761989342806483,none,0.0,stable,HOLD
2025-10-02,CHARLIE,RIP CHARLIE KIRK,CEqFiJoB6HLncfeieBw3PKKm9wyqrpSHV3VH4qZApump,0.000433,74895.19,136357.94,68513.315,9.314795233598023,stable,False,,8.65746549560853,none,0.0,stable,HOLD
2025-10-02,walkusa,WALKING ACROSS AMERICA,3BrXeqzNKUKsM6MgkWFZX4E2cY8SiwYNwwmVzP2Rpump,8.279e-05,16684.65,40633.46,15608.300000000001,6.896010455975349,stable,False,,-1.099032373671005,none,0.0,stable,HOLD
2025-10-02,early,not wrong just early,7ukFzJA7V6f28YieCjXcEXqiK8tAfbyXyvK6b36pump,0.0002651,43778.32,69185.7,41280.604999999996,6.050577504859738,stable,False,,14.365832614322693,none,0.0,stable,HOLD
2025-10-02,SHITTER,SHITTERCOIN,GuLvigFjAm1yyReTk6EeboHNnLj1tCi62pzWLorxbonk,5.536e-05,69189.28,30755.91,65602.58499999999,5.467307423937651,stable,False,,24.236983842010762,none,0.0,stable,HOLD
2025-10-02,gib,gib,6FtbGaqgZzti1TxJksBV4PSya5of9VqA9vJNDxPwbonk,0.0004933,42042.81,182117.74,40019.07,5.056939104282029,stable,False,,2.6211774495527473,none,0.0,stable,HOLD
2025-10-02,1% Club,The 1% Club,HpQUbEAcHrhwSJyYfXLNZvJz9SBksRJJStn86gFdbonk,4.17e-06,835.04,6780.68,797.325,4.730191578089225,stable,False,,-9.130529527130093,none,0.0,stable,HOLD
2025-10-02,XBT,XBT,A8YHuvQBMAxXoZAZE72FyC8B7jKHo8RJyByXRRffpump,0.002344,295773.41,475031.37,286219.61,3.337926426494673,stable,False,,-3.618421052631582,none,0.0,stable,HOLD
2025-10-02,FLY,Nexa,9NcUwy9JVekfsY4UA62ZaTprn4TDnJZwp5B6vMAAtkzt,0.017,79.01,146.53,76.97,2.6503832662076214,stable,False,,12.43386243386244,none,0.0,stable,HOLD
2025-10-02,wSOL,Wrapped SOL,So11111111111111111111111111111111111111112,224.21,273677061.63,55970866.16,266629811.73000002,2.643084002600693,stable,False,,1.9553453685598798,none,0.0,stable,HOLD
2025-10-02,1dog,1 dog can change your life,8erRtd8mLgNcNoWy2bhMdTgZyXaRR6u7t2hyXRc1pump,1.501e-05,10375.88,16590.32,10114.64,2.582790885291022,stable,False,,11.185185185185187,none,0.0,stable,HOLD
2025-10-02,HAMSTERUN,Hamster Runner,FwYBWjDBDqqfLQYewPZm1Vv555ireHpgUyJP4rMYpump,4.434e-06,62.11,8548.65,60.595,2.500206287647497,stable,False,,-0.9604645968282255,none,0.0,stable,HOLD
2025-10-02,MOON,Moon Moon,99YFbXS6iA7s1qkRDTMBXEywtLNmrRtHtGKvNxpKWcdT,1.002e-05,1564.6,13469.47,1539.875,1.605649809237757,stable,False,,-0.19920318725099584,none,0.0,stable,HOLD
2025-10-02,1nu,1nu,44DNPJ2qisA7MMaUmKK5SXvAcPyV7bEzmnK7oYJkbonk,0.0002086,193233.18,57439.18,190861.575,1.242578554640965,stable,False,,13.123644251626887,none,0.0,stable,HOLD
2025-10-02,1cat,1 cat can change your life,8ghXDEBVbbYtfdV2cU8jpqsNmiZtDkSjBYmRzj8cpump,6.518e-06,99.0,0.0,99.0,0.0,stable,False,,,none,0.0,stable,HOLD
2025-10-02,GAZABOY,GAZA BOY,Fk6e19okXWGxtrHmXBLzkFeDPR2uuyeVYsqGyt89pump,4.533e-06,5.3,8495.11,5.3,0.0,stable,False,,,none,0.0,stable,HOLD
2025-10-02,MOCHI,MOCHI CULT,4ky1REfghVawQ6EPZGdx7zss5KNKStwE8swjii3uU5sD,1.659e-05,267.34,24574.96,267.34,0.0,stable,False,,,none,0.0,stable,HOLD
2025-10-02,MOONCOIN,MOON COIN,4h49bD28nPPLXWB1ZmP8JPuv4iKk3KzFpS8bSmGJpump,4.123e-06,5.57,8005.21,5.57,0.0,stable,False,,,none,0.0,stable,HOLD
2025-10-02,Pochita,Pochita,CmLrhRd762bfytq6f3ZV5iuivN1Q8oyPw4evyW4Mbonk,5.565e-06,80.74,9632.41,80.74,0.0,stable,False,,,none,0.0,stable,HOLD
2025-10-02,Supershiro,Super Shiro,B1PrDviUajpkxghL1v2w2P8jnxu3FNjcxUDdBNanPLyR,4.377e-06,5.79,8265.62,5.79,0.0,stable,False,,,none,0.0,stable,HOLD
2025-10-02,BLUB,Blub,HxMQWY4DLbUrPXyejuKvu2KJ618zdTRs9dXEuFGrpump,5.164e-06,54.46,9134.9,55.245000000000005,-1.4209430717712075,stable,False,,0.0,none,0.0,stable,HOLD
2025-10-02,SOL,Solana,9n4nbM75f5Ui33ZbPYXn59EwSgE8CGsHtAeTH5YFeJ9E,1593.7,2279.91,22034.24,2565.145,-11.119644308606341,stable,False,,0.011923364145816073,none,0.0,stable,HOLD
2025-10-02,AI20X,Ai20x.ai,DKffyw1oEVWR3ik7q7tb2shhmZ3jbTkRzT6R5banCxai,1.29,40.91,2920441.85,46.114999999999995,-11.286999891575407,stable,False,,2.3809523809523725,none,0.0,stable,HOLD
2025-10-02,FARTLESS,FARTLESS COIN,FyrBf5xKg5EwKZ9pHvSpJeLLuCWBicTpm3VvZcsibonk,0.0009978,1372.62,4060.69,1643.6,-16.486979800438064,stable,False,,8.385835324788182,none,0.0,stable,HOLD
2025-10-02,HOODIE,Hoodie,JFjfTn5VJkHpacwz7rbnGXDxRUCySZhZ2EdTkrAmoon,0.0003183,93.68,6074.85,150.15,-37.60905760905761,declining,False,,0.22040302267001266,none,0.0,stable,HOLD
2025-10-02,PILL,Getpilled,2JaJ353mgRVrGbrxsvHr17hseGtf1kD4ixErXGcNP1LL,6.992e-06,12.82,10804.01,27.30666666666666,-53.051757812499986,dead,False,,-9.547218628719278,none,0.0,stable,HOLD
2025-10-02,retail,retail,6jPg6gSrwtJyHWGTs7tUh2Zs1GzfKzHQNUGfAK1xpump,4.294e-06,5.48,8341.17,70.74,-92.25332202431439,dead,False,,0.3271028037383328,none,0.0,stable,HOLD
2025-10-02,obvious,in hindsight,EzcwA7anSrdoH1TMKjbBTd91GD7KwMco9kFZh1AApump,5.259e-06,3.91,9058.29,68.25,-94.27106227106228,dead,False,,0.0,none,0.0,stable,HOLD
2025-10-01,1,1 pill can change your life,qG9NJP4pgFxWWfpFWV7GcYkTKyafDGsnUGCDZLRpump,6.998e-06,1939.0,10485.2,5821.815,-66.69423538879198,dead,False,,-37.350044762757385,none,0.0,stable,SELL
2025-10-01,$CrepSol,Crepe on Solana,HW2B2wvyEir3iqvYbYqbHWyR7rA6DqCR3WQSy4USpump,2.93e-05,1690.77,21427.45,1690.77,0.0,stable,False,,,none,0.0,stable,HOLD
2025-10-01,1,1 pill can change your life,8wbfBYthc9fC4GsHgCtznZP1PAoXaZ8tnUGBtGMgpump,1.117e-05,9704.63,14555.56,9704.63,0.0,stable,False,,,none,0.0,stable,HOLD
2025-10-01,1% Club,The 1% Club,HpQUbEAcHrhwSJyYfXLNZvJz9SBksRJJStn86gFdbonk,4.589e-06,759.61,7112.64,759.61,0.0,stable,False,,,none,0.0,stable,HOLD
2025-10-01,19,Cult of 19,8AgJibpuXYU79bMSzhBv9BCUioxYkoeRVDYz3Tjopump,4.526e-06,642.75,8417.78,642.75,0.0,stable,False,,,none,0.0,stable,HOLD
2025-10-01,1Bull,One bull run to change your life,EVGox5PPxnFqTsMXMoUBSCUhszqK6UUYf9W7pkwfpump,9.171e-05,13818.28,39217.27,13818.28,0.0,stable,False,,,none,0.0,stable,HOLD
2025-10-01,1dog,1 dog can change your life,8erRtd8mLgNcNoWy2bhMdTgZyXaRR6u7t2hyXRc1pump,1.35e-05,9853.4,15495.85,9853.4,0.0,stable,False,,,none,0.0,stable,HOLD
2025-10-01,1nu,1nu,44DNPJ2qisA7MMaUmKK5SXvAcPyV7bEzmnK7oYJkbonk,0.0001844,188489.97,53951.15,188489.97,0.0,stable,False,,,none,0.0,stable,HOLD
2025-10-01,67,67coin,2sjdF9vLNWkTpK2XgY2kVWCL4YTMu6vaVA4VxrzUpump,0.0001137,40083.9,57379.59,40083.9,0.0,stable,False,,,none,0.0,stable,HOLD
2025-10-01,7,7 Coin,CAamcXXVWM8b8DcpcT2rpEwwfNfBD2MXjHjCwRDBpump,9.445e-06,102.52,12495.07,102.52,0.0,stable,False,,,none,0.0,stable,HOLD
2025-10-01,AI20X,Ai20x.ai,DKffyw1oEVWR3ik7q7tb2shhmZ3jbTkRzT6R5banCxai,1.26,51.32,2856793.86,51.32,0.0,stable,False,,,none,0.0,stable,HOLD
2025-10-01,AI4,AI‚Å¥,CZkxnM5PNPak31JSFNzJ76CWcYRu4mgxvBwcHaBJpump,0.0004328,137942.87,126267.14,137942.87,0.0,stable,False,,,none,0.0,stable,HOLD
2025-10-01,APOLLO,Apollo AI,6k1rwsNMBwbRJrWck3sEVCjn4MvF9ty8A6iSGfxjxREV,1.986e-05,1893.86,9318.98,1893.86,0.0,stable,False,,,none,0.0,stable,HOLD
2025-10-01,AUSBAGWORK,AUSSIE BAG WORKERS,9h5y3WCqfeNt2fiAP7iM2ZRp9apFb58ipvTzcWi9pump,2.335e-05,864.15,23195.42,864.15,0.0,stable,False,,,none,0.0,stable,HOLD
2025-10-01,BAR,BullArena,Et2bFLuPCW77hGW2g7UdrboPVuxatFZt4BaCzhCqpump,0.0002284,54289.13,60028.37,54289.13,0.0,stable,False,,,none,0.0,stable,HOLD
2025-10-01,BLUB,Blub,HxMQWY4DLbUrPXyejuKvu2KJ618zdTRs9dXEuFGrpump,5.164e-06,56.03,9134.9,56.03,0.0,stable,False,,,none,0.0,stable,HOLD
2025-10-01,BULLCOIN,BULLCOIN,4Xs7RvaV3nbWBvb6yWjxvwPKkBxefXe1bPJcvnVspump,6.064e-06,10.79,9904.93,10.79,0.0,stable,False,,,none,0.0,stable,HOLD
2025-10-01,Bagwork,African Bagwork,6NVo6X8ouYRVoKRWe7Y9J6CT4pWZXDthSJCBZ3vgUg8z,5.067e-06,23.09,9463.24,23.09,0.0,stable,False,,,none,0.0,stable,HOLD
2025-10-01,CHARLIE,RIP CHARLIE KIRK,CEqFiJoB6HLncfeieBw3PKKm9wyqrpSHV3VH4qZApump,0.0003985,62131.44,129122.01,62131.44,0.0,stable,False,,,none,0.0,stable,HOLD
2025-10-01,CRND,Crundle,BVvSqvTb9ZVNEkP5UsamR1egAWSGEZiQDU42FS7mmoon,0.0002207,51367.27,74920.63,51367.27,0.0,stable,False,,,none,0.0,stable,HOLD
2025-10-01,DARE,DareCoin,4bLnK5YuJaqkVX4uWtJ1Qtx3XoZ8eHH37STXSwujpump,9.171e-06,1369.57,13685.87,1369.57,0.0,stable,False,,,none,0.0,stable,HOLD
2025-10-01,DETECTIVE,Just can't prove it,14GMPMf3cRANLfJ9QYU19F5XogVGPjCB7f3NLACrpump,1.747e-05,6395.93,17452.45,6395.93,0.0,stable,False,,,none,0.0,stable,HOLD
2025-10-01,DREAM,Dreamsync,B9zze29or7CJs1nBrigSCWSibfxvkmieFXcGg5cxbonk,0.001823,116997.28,191646.88,116997.28,0.0,stable,False,,,none,0.0,stable,HOLD
2025-10-01,ELIZABETH,Just Elizabeth Cat,DiiTPZdpd9t3XorHiuZUu4E1FoSaQ7uGN4q9YkQupump,0.001726,394252.31,231080.18,394252.31,0.0,stable,False,,,none,0.0,stable,HOLD
2025-10-01,FARTLESS,FARTLESS COIN,FyrBf5xKg5EwKZ9pHvSpJeLLuCWBicTpm3VvZcsibonk,0.0009206,1914.58,3898.87,1914.58,0.0,stable,False,,,none,0.0,stable,HOLD
2025-10-01,FARTWORM,FARTWORM,9zFU5vR7YNBzZU8HwJLUKjoDEonpgvHUdLbMgBa7pump,1.914e-05,2157.62,18082.41,2157.62,0.0,stable,False,,,none,0.0,stable,HOLD
2025-10-01,FLY,Nexa,9NcUwy9JVekfsY4UA62ZaTprn4TDnJZwp5B6vMAAtkzt,0.01512,74.93,135.9,74.93,0.0,stable,False,,,none,0.0,stable,HOLD
2025-10-01,HAMSTERUN,Hamster Runner,FwYBWjDBDqqfLQYewPZm1Vv555ireHpgUyJP4rMYpump,4.477e-06,59.08,8595.59,59.08,0.0,stable,False,,,none,0.0,stable,HOLD
2025-10-01,HAROLD,Harold,3vgopg7xm3EWkXfxmWPUpcf7g939hecfqg18sLuXDzVt,0.004002,11553.47,582527.48,11553.47,0.0,stable,False,,,none,0.0,stable,HOLD
2025-10-01,HOODIE,Hoodie,JFjfTn5VJkHpacwz7rbnGXDxRUCySZhZ2EdTkrAmoon,0.0003176,206.62,69742.26,206.62,0.0,stable,False,,,none,0.0,stable,HOLD
2025-10-01,Hosico,Hosico Cat,HovYQgKum9HALgJmxGdESHNjsn3xezzio5HQVgiPHo1t,5.982e-06,1158.81,9638.06,1158.81,0.0,stable,False,,,none,0.0,stable,HOLD
2025-10-01,IDIOT,IDIOT,GcPf1ZsZHvnjauhXoFvGMmc2gM73aJ63AYxYC6JAQVoG,2.614e-05,1997.97,22381.22,1997.97,0.0,stable,False,,,none,0.0,stable,HOLD
2025-10-01,Jewcat,Jewish Cat,7oBcd1aAkUjUTcfZsR3rQvnG5oMPDzjX9uDnRVn6pump,6.292e-06,205.44,0.0,205.44,0.0,stable,False,,,none,0.0,stable,HOLD
2025-10-01,KENNY,KENNY KO,AkhHVVk58FmoS8h1fDWzHMZ9YrnqHcZi97mFzhjbpump,4.372e-06,2.26,8259.79,2.26,0.0,stable,False,,,none,0.0,stable,HOLD
2025-10-01,LION,Loaded Lions,7kN5FQMD8ja4bzysEgc5FXmryKd6gCgjiWnhksjHCFb3,0.01617,62090.26,2118707.76,62090.26,0.0,stable,False,,,none,0.0,stable,HOLD
2025-10-01,MINDWORMS,mindworms,iD9FqgeKmp58a4pTvh45MtKkHkudKNptFRdR8m6pump,4.784e-06,199.06,8673.87,199.06,0.0,stable,False,,,none,0.0,stable,HOLD
2025-10-01,MOON,Moon Moon,99YFbXS6iA7s1qkRDTMBXEywtLNmrRtHtGKvNxpKWcdT,1.004e-05,1515.15,13286.19,1515.15,0.0,stable,False,,,none,0.0,stable,HOLD
2025-10-01,Mementoe,Mementoe,GCU5AT6U8bKYK76KBssLf5a3a3KoNoMGStaVdfeipump,4.533e-06,9.45,8438.99,9.45,0.0,stable,False,,,none,0.0,stable,HOLD
2025-10-01,NeverDie,MEMES WILL NEVER DIE,2Jz5Wf6PGs4x1dJH4FvfMcgEERTmPadLBDsFmtyCpump,4.051e-06,5.06,7946.58,5.06,0.0,stable,False,,,none,0.0,stable,HOLD
2025-10-01,Noxi,Noxi Labs AI,F2yfGhxEi7Hw2mr2XQ3MLrdamiPt2rkdMf8PSyAGpump,6.146e-06,26.12,9891.75,26.12,0.0,stable,False,,,none,0.0,stable,HOLD
2025-10-01,ORE,Ore Labs,4w4Kj3PmKjJWpsBVCNPeziC2ySdJ6A7cPfqnhyXxpump,4.17e-06,16.67,8050.02,16.67,0.0,stable,False,,,none,0.0,stable,HOLD
2025-10-01,PILL,Getpilled,2JaJ353mgRVrGbrxsvHr17hseGtf1kD4ixErXGcNP1LL,6.831e-06,20.77,10623.41,20.77,0.0,stable,False,,,none,0.0,stable,HOLD
2025-10-01,RAGEGUY,Rage Guy,GvV7sFu6FHJsSVXfpG7xqFnWar3c7YkcC74rqe7Bpump,0.001084,65188.66,165250.29,65188.66,0.0,stable,False,,,none,0.0,stable,HOLD
2025-10-01,REVIVE,reviving the memes,4Y6HDaV4374KstQX8qD1L35WiQDwHZaHLez8xs6GrKcf,5.906e-06,3.3,11302.56,3.3,0.0,stable,False,,,none,0.0,stable,HOLD
2025-10-01,RUECAT,Rue Cat,AMKKkovbUqr5cxmsg22KxTgaRXq6z4f8umrze4JKpump,0.0006872,57889.22,104399.63,57889.22,0.0,stable,False,,,none,0.0,stable,HOLD
2025-10-01,RWA,Real World Asses,7N8qk43L1PCcaqudkEasGpKqcunX1ChXYo2VB1g8bonk,1.01e-07,582.43,9274.73,582.43,0.0,stable,False,,,none,0.0,stable,HOLD
2025-10-01,SHITTER,SHITTERCOIN,GuLvigFjAm1yyReTk6EeboHNnLj1tCi62pzWLorxbonk,4.456e-05,62015.89,27850.99,62015.89,0.0,stable,False,,,none,0.0,stable,HOLD
2025-10-01,SOL,Solana,9n4nbM75f5Ui33ZbPYXn59EwSgE8CGsHtAeTH5YFeJ9E,1593.51,2850.38,14676.54,2850.38,0.0,stable,False,,,none,0.0,stable,HOLD
2025-10-01,SUPRACOIN,GIVING CAR AWAY AT 10MIL MC!,LGiKAMtb4BuPdhpThjEbNWbDddqdM5FnxMMHqtzpump,1.046e-05,687.65,14446.99,687.65,0.0,stable,False,,,none,0.0,stable,HOLD
2025-10-01,Streamless,Streamless coin,C8Hyu6bjPtuaTJ4Fj6V6L99rhUkkCuKByNZTyXiCpump,5.416e-06,6.34,9441.14,6.34,0.0,stable,False,,,none,0.0,stable,HOLD
2025-10-01,T-2049,Token 2049,2UfyNHveDrYDogW1LypkworjhYVEte8tLDqRTZbguPLx,7.615e-05,109441.57,65850.04,109441.57,0.0,stable,False,,,none,0.0,stable,HOLD
2025-10-01,USDUT,unstable tether,3vz82EWYv8xnc7Cm7qSgERcpMeqw92PcX8PBz88npump,0.0005349,58592.95,150951.1,58592.95,0.0,stable,False,,,none,0.0,stable,HOLD
2025-10-01,USEFUL,USEFUL COIN,HD3JBABeFkdZwUgKwhwJYqjLNrPWXEaDVfH4uMqRpump,0.0001553,12739.4,87542.91,12739.4,0.0,stable,False,,,none,0.0,stable,HOLD
2025-10-01,Useless,Useless Coin,5NnL7oRMtVW3ZqAt95gJQs12Fbz2caCYh9rgy1kQpump,5.748e-05,18990.41,36478.85,18990.41,0.0,stable,False,,,none,0.0,stable,HOLD
2025-10-01,VIBECODER,Vibe Coding Meta,7PzU4m13VqkdgWcserfBdxX4cAPQXaZuFNuKarnT1deV,0.0001469,20277.96,56442.08,20277.96,0.0,stable,False,,,none,0.0,stable,HOLD
2025-10-01,XBT,XBT,A8YHuvQBMAxXoZAZE72FyC8B7jKHo8RJyByXRRffpump,0.002432,276665.81,477817.5,276665.81,0.0,stable,False,,,none,0.0,stable,HOLD
2025-10-01,YAO,YAO MING,VnqKnEybGaw6G5ZAdjvPDri5RzDLPXznqxBunG13GJE,0.0001332,29.86,897.45,29.86,0.0,stable,False,,,none,0.0,stable,HOLD
2025-10-01,early,not wrong just early,7ukFzJA7V6f28YieCjXcEXqiK8tAfbyXyvK6b36pump,0.0002318,38782.89,63971.48,38782.89,0.0,stable,False,,,none,0.0,stable,HOLD
2025-10-01,gib,gib,6FtbGaqgZzti1TxJksBV4PSya5of9VqA9vJNDxPwbonk,0.0004807,37995.33,177524.6,37995.33,0.0,stable,False,,,none,0.0,stable,HOLD
2025-10-01,grandma,101 Year Old Pumpfun Livestreamr,4CBToKTRKfBsv8RMfzMr6VfKQ8PLRYeG6RFGZmq4pump,1.265e-05,941.98,16380.08,941.98,0.0,stable,False,,,none,0.0,stable,HOLD
2025-10-01,obvious,in hindsight,EzcwA7anSrdoH1TMKjbBTd91GD7KwMco9kFZh1AApump,5.259e-06,132.59,9058.29,132.59,0.0,stable,False,,,none,0.0,stable,HOLD
2025-10-01,pibble,pibble,GS3pHMUtYSu5PPuDFey74frkiRQhPdvx8jEeN6Qzbonk,1.497e-05,5523.5,13479.5,5523.5,0.0,stable,False,,,none,0.0,stable,HOLD
2025-10-01,retail,retail,6jPg6gSrwtJyHWGTs7tUh2Zs1GzfKzHQNUGfAK1xpump,4.28e-06,136.0,8306.22,136.0,0.0,stable,False,,,none,0.0,stable,HOLD
2025-10-01,viewer,in a streamers world,8X4TnmkHzavxEJuaYTkqjFbUgrwBgaXVuRHhGFR2pump,5.101e-06,2.04,9400.45,2.04,0.0,stable,False,,,none,0.0,stable,HOLD
2025-10-01,wSOL,Wrapped SOL,So11111111111111111111111111111111111111112,219.91,259582561.83,56168439.7,259582561.83,0.0,stable,False,,,none,0.0,stable,HOLD
2025-10-01,walkusa,WALKING ACROSS AMERICA,3BrXeqzNKUKsM6MgkWFZX4E2cY8SiwYNwwmVzP2Rpump,8.371e-05,14531.95,40389.58,14531.95,0.0,stable,False,,,none,0.0,stable,HOLD
