date,symbol,name,address,narrative
2025-10-01,XBT,XBT,A8YHuvQBMAxXoZAZE72FyC8B7jKHo8RJyByXRRffpump,Unknown
2025-10-01,T-2049,Token 2049,2UfyNHveDrYDogW1LypkworjhYVEte8tLDqRTZbguPLx,Unknown
2025-10-01,CHARLIE,RIP CHARLIE KIRK,CEqFiJoB6HLncfeieBw3PKKm9wyqrpSHV3VH4qZApump,Unknown
2025-10-01,USDUT,unstable tether,3vz82EWYv8xnc7Cm7qSgERcpMeqw92PcX8PBz88npump,Unknown
2025-10-01,BAR,BullArena,Et2bFLuPCW77hGW2g7UdrboPVuxatFZt4BaCzhCqpump,Unknown
2025-10-01,CRND,Crundle,BVvSqvTb9ZVNEkP5UsamR1egAWSGEZiQDU42FS7mmoon,Unknown
2025-10-01,67,67coin,2sjdF9vLNWkTpK2XgY2kVWCL4YTMu6vaVA4VxrzUpump,Unknown
2025-10-01,early,not wrong just early,7ukFzJA7V6f28YieCjXcEXqiK8tAfbyXyvK6b36pump,Unknown
2025-10-01,gib,gib,6FtbGaqgZzti1TxJksBV4PSya5of9VqA9vJNDxPwbonk,Unknown
2025-10-01,VIBECODER,Vibe Coding Meta,7PzU4m13VqkdgWcserfBdxX4cAPQXaZuFNuKarnT1deV,Unknown
2025-10-01,Useless,Useless Coin,5NnL7oRMtVW3ZqAt95gJQs12Fbz2caCYh9rgy1kQpump,Unknown
2025-10-01,walkusa,WALKING ACROSS AMERICA,3BrXeqzNKUKsM6MgkWFZX4E2cY8SiwYNwwmVzP2Rpump,Unknown
2025-10-01,USEFUL,USEFUL COIN,HD3JBABeFkdZwUgKwhwJYqjLNrPWXEaDVfH4uMqRpump,Unknown
2025-10-01,1dog,1 dog can change your life,8erRtd8mLgNcNoWy2bhMdTgZyXaRR6u7t2hyXRc1pump,Meme
2025-10-01,DETECTIVE,Just can't prove it,14GMPMf3cRANLfJ9QYU19F5XogVGPjCB7f3NLACrpump,Unknown
2025-10-01,MOON,Moon Moon,99YFbXS6iA7s1qkRDTMBXEywtLNmrRtHtGKvNxpKWcdT,Meme
2025-10-01,wSOL,Wrapped SOL,So11111111111111111111111111111111111111112,Unknown
2025-10-01,ELIZABETH,Just Elizabeth Cat,DiiTPZdpd9t3XorHiuZUu4E1FoSaQ7uGN4q9YkQupump,Meme
2025-10-01,1nu,1nu,44DNPJ2qisA7MMaUmKK5SXvAcPyV7bEzmnK7oYJkbonk,Unknown
2025-10-01,AI4,AI‚Å¥,CZkxnM5PNPak31JSFNzJ76CWcYRu4mgxvBwcHaBJpump,AI
2025-10-01,DREAM,Dreamsync,B9zze29or7CJs1nBrigSCWSibfxvkmieFXcGg5cxbonk,Unknown
2025-10-01,RAGEGUY,Rage Guy,GvV7sFu6FHJsSVXfpG7xqFnWar3c7YkcC74rqe7Bpump,Unknown
2025-10-01,LION,Loaded Lions,7kN5FQMD8ja4bzysEgc5FXmryKd6gCgjiWnhksjHCFb3,Unknown
2025-10-01,SHITTER,SHITTERCOIN,GuLvigFjAm1yyReTk6EeboHNnLj1tCi62pzWLorxbonk,Unknown
2025-10-01,RUECAT,Rue Cat,AMKKkovbUqr5cxmsg22KxTgaRXq6z4f8umrze4JKpump,Meme
2025-10-01,1Bull,One bull run to change your life,EVGox5PPxnFqTsMXMoUBSCUhszqK6UUYf9W7pkwfpump,Unknown
2025-10-01,HAROLD,Harold,3vgopg7xm3EWkXfxmWPUpcf7g939hecfqg18sLuXDzVt,Unknown
2025-10-01,1,1 pill can change your life,8wbfBYthc9fC4GsHgCtznZP1PAoXaZ8tnUGBtGMgpump,Unknown
2025-10-01,pibble,pibble,GS3pHMUtYSu5PPuDFey74frkiRQhPdvx8jEeN6Qzbonk,Unknown
2025-10-01,SOL,Solana,9n4nbM75f5Ui33ZbPYXn59EwSgE8CGsHtAeTH5YFeJ9E,Unknown
2025-10-01,FARTWORM,FARTWORM,9zFU5vR7YNBzZU8HwJLUKjoDEonpgvHUdLbMgBa7pump,Unknown
2025-10-01,IDIOT,IDIOT,GcPf1ZsZHvnjauhXoFvGMmc2gM73aJ63AYxYC6JAQVoG,Unknown
2025-10-01,1,1 pill can change your life,qG9NJP4pgFxWWfpFWV7GcYkTKyafDGsnUGCDZLRpump,Unknown
2025-10-01,FARTLESS,FARTLESS COIN,FyrBf5xKg5EwKZ9pHvSpJeLLuCWBicTpm3VvZcsibonk,Unknown
2025-10-01,APOLLO,Apollo AI,6k1rwsNMBwbRJrWck3sEVCjn4MvF9ty8A6iSGfxjxREV,AI
2025-10-01,$CrepSol,Crepe on Solana,HW2B2wvyEir3iqvYbYqbHWyR7rA6DqCR3WQSy4USpump,Unknown
2025-10-01,DARE,DareCoin,4bLnK5YuJaqkVX4uWtJ1Qtx3XoZ8eHH37STXSwujpump,Unknown
2025-10-01,Hosico,Hosico Cat,HovYQgKum9HALgJmxGdESHNjsn3xezzio5HQVgiPHo1t,Meme
2025-10-01,grandma,101 Year Old Pumpfun Livestreamr,4CBToKTRKfBsv8RMfzMr6VfKQ8PLRYeG6RFGZmq4pump,Unknown
2025-10-01,AUSBAGWORK,AUSSIE BAG WORKERS,9h5y3WCqfeNt2fiAP7iM2ZRp9apFb58ipvTzcWi9pump,Unknown
2025-10-01,1% Club,The 1% Club,HpQUbEAcHrhwSJyYfXLNZvJz9SBksRJJStn86gFdbonk,Unknown
2025-10-01,SUPRACOIN,GIVING CAR AWAY AT 10MIL MC!,LGiKAMtb4BuPdhpThjEbNWbDddqdM5FnxMMHqtzpump,Unknown
2025-10-01,19,Cult of 19,8AgJibpuXYU79bMSzhBv9BCUioxYkoeRVDYz3Tjopump,Unknown
2025-10-01,RWA,Real World Asses,7N8qk43L1PCcaqudkEasGpKqcunX1ChXYo2VB1g8bonk,RWA
2025-10-01,HOODIE,Hoodie,JFjfTn5VJkHpacwz7rbnGXDxRUCySZhZ2EdTkrAmoon,Unknown
2025-10-01,Jewcat,Jewish Cat,7oBcd1aAkUjUTcfZsR3rQvnG5oMPDzjX9uDnRVn6pump,Meme
2025-10-01,MINDWORMS,mindworms,iD9FqgeKmp58a4pTvh45MtKkHkudKNptFRdR8m6pump,Unknown
2025-10-01,retail,retail,6jPg6gSrwtJyHWGTs7tUh2Zs1GzfKzHQNUGfAK1xpump,AI
2025-10-01,obvious,in hindsight,EzcwA7anSrdoH1TMKjbBTd91GD7KwMco9kFZh1AApump,Unknown
2025-10-01,7,7 Coin,CAamcXXVWM8b8DcpcT2rpEwwfNfBD2MXjHjCwRDBpump,Unknown
2025-10-01,FLY,Nexa,9NcUwy9JVekfsY4UA62ZaTprn4TDnJZwp5B6vMAAtkzt,Unknown
2025-10-01,HAMSTERUN,Hamster Runner,FwYBWjDBDqqfLQYewPZm1Vv555ireHpgUyJP4rMYpump,Unknown
2025-10-01,BLUB,Blub,HxMQWY4DLbUrPXyejuKvu2KJ618zdTRs9dXEuFGrpump,Unknown
2025-10-01,AI20X,Ai20x.ai,DKffyw1oEVWR3ik7q7tb2shhmZ3jbTkRzT6R5banCxai,AI
2025-10-01,YAO,YAO MING,VnqKnEybGaw6G5ZAdjvPDri5RzDLPXznqxBunG13GJE,Unknown
2025-10-01,Noxi,Noxi Labs AI,F2yfGhxEi7Hw2mr2XQ3MLrdamiPt2rkdMf8PSyAGpump,AI
2025-10-01,Bagwork,African Bagwork,6NVo6X8ouYRVoKRWe7Y9J6CT4pWZXDthSJCBZ3vgUg8z,Unknown
2025-10-01,PILL,Getpilled,2JaJ353mgRVrGbrxsvHr17hseGtf1kD4ixErXGcNP1LL,Unknown
2025-10-01,ORE,Ore Labs,4w4Kj3PmKjJWpsBVCNPeziC2ySdJ6A7cPfqnhyXxpump,Unknown
2025-10-01,BULLCOIN,BULLCOIN,4Xs7RvaV3nbWBvb6yWjxvwPKkBxefXe1bPJcvnVspump,Unknown
2025-10-01,Mementoe,Mementoe,GCU5AT6U8bKYK76KBssLf5a3a3KoNoMGStaVdfeipump,Meme
2025-10-01,Streamless,Streamless coin,C8Hyu6bjPtuaTJ4Fj6V6L99rhUkkCuKByNZTyXiCpump,Unknown
2025-10-01,NeverDie,MEMES WILL NEVER DIE,2Jz5Wf6PGs4x1dJH4FvfMcgEERTmPadLBDsFmtyCpump,Meme
2025-10-01,REVIVE,reviving the memes,4Y6HDaV4374KstQX8qD1L35WiQDwHZaHLez8xs6GrKcf,Meme
2025-10-01,KENNY,KENNY KO,AkhHVVk58FmoS8h1fDWzHMZ9YrnqHcZi97mFzhjbpump,Unknown
2025-10-01,viewer,in a streamers world,8X4TnmkHzavxEJuaYTkqjFbUgrwBgaXVuRHhGFR2pump,Unknown
2025-10-02,MOCHI,MOCHI CULT,4ky1REfghVawQ6EPZGdx7zss5KNKStwE8swjii3uU5sD,Unknown
2025-10-02,1cat,1 cat can change your life,8ghXDEBVbbYtfdV2cU8jpqsNmiZtDkSjBYmRzj8cpump,Meme
2025-10-02,Pochita,Pochita,CmLrhRd762bfytq6f3ZV5iuivN1Q8oyPw4evyW4Mbonk,Unknown
2025-10-02,PILL,PumpFun Pill,8z55m3BmsPkmDfi5b5dAomBvYi1cDmW92hrEJTLdpump,Unknown
2025-10-02,Supershiro,Super Shiro,B1PrDviUajpkxghL1v2w2P8jnxu3FNjcxUDdBNanPLyR,Unknown
2025-10-02,MOONCOIN,MOON COIN,4h49bD28nPPLXWB1ZmP8JPuv4iKk3KzFpS8bSmGJpump,Meme
2025-10-02,GAZABOY,GAZA BOY,Fk6e19okXWGxtrHmXBLzkFeDPR2uuyeVYsqGyt89pump,Unknown
2025-10-02,COUNT,Counting live till $100M,H2zbT5whzb2ZpM1fQ8gqhTQ5V3ytywSYMdto9Dcy5r3e,Unknown
2025-10-03,Fun,Cult of Fun,Hcz9pkmcmxW4DWkz9CxDFz5Q2Kswkq1jTkjB9hVgJ4Kp,Unknown
2025-10-03,MoneyBear,The Money Bears,Eo2cfEkpeVZrKjRtG34WZc3qzyeZeXjCRGWsEs4JTaNH,Unknown
2025-10-03,JIFFPOM,Jiffpom,7Rw4dgDuwESJEcCAbhxAghLcmkXM5QotupWq8PPc1UeC,Unknown
2025-10-03,AMG,ASCII MEME GENERATOR,6rhFUUZsUbjD4tSHrLetmCuvuM3L2ASTLEAgemZtpump,Meme
2025-10-03,YOU,YOU can change your life.,3nJXYRGSFdfhVAg48cLE3iF3Hhda4CXqTt9XS56Mpump,Unknown
2025-10-03,UPC,Upcoin,DHSZ2zaQ2mNtTJFXH3iNUG1oWXr6ZFj4TyfqVdexpump,Unknown
2025-10-03,BONKZ,Bonkzilla,6asZKPjABE4c7V46psw1yDrmCQBzefGtxKCzR8zmbonk,Unknown
2025-10-03,BIRCHY,BIRCHY,4Wt3BgMs8m1qiCcMXwSf2SC5gnJW6Adi7uq7cZTCpump,Unknown
2025-10-04,GIVE50,GIVING $50 AWAY EVERY 10MINUTES,DQTiKmdc2evtLotMR5j7UAexvTbSL3Ef6dtbaY7Jpump,Meme
2025-10-04,Gaming,Gaming Cult,3hiutVNCbwCY1vmoPKdXtMtuzg4epn1WzuU1jgpHpump,Gaming
2025-10-04,FATMEOW,BIG FAT CAT,6UMuZxH9jLT3txQkQo6jWXX2HpHrM1mPkGRjE66pzhEp,Meme
2025-10-04,ACTIVITIES,REAL LIFE ACTIVITIES,FfTMftfnF64keWwxiREcSBca2PsQtkorb2LWCEdZpump,Unknown
2025-10-04,YARA,Justice for Yara,DgAHh7SXLssDjufrLnrU1kPgrxmT7UbZYyCCqmcW6k6e,Unknown
2025-10-04,MMGA,MAKE MEMES GREAT AGAIN,Axix4KAvD9m5iYvUx7wztZnKJfJs7KXxPzPmMv6Npump,AI
2025-10-04,PROFIT,Profit Protocol,HJ5HdKrTmvE26k7oKq8JFWvudnzge1gFpe6EKZXUbREV,DeFi
2025-10-04,SLOW,Slow Runner,9iQikUHRe69UScUaytfQabQDmZRqtTkjCEF94ZV5pump,Unknown
2025-10-04,BEANS,BEANS,BMdxkiQTJbLjZF4on3ivYDibWVCMsriEHra469zM49hV,Unknown
2025-10-04,PUMPFOLIO,Retail Summer,3iE3HmcrKQyNdqoVo4Xrjz291VvtcKtUgJnQDxUepump,AI
2025-10-05,BEANIE,BEANIE,94bmDAx9PQUZoLCG97h7kCtm1T9uzZCThuUW1cUqAXZy,Unknown
2025-10-05,FALCONS,THE FALCONS,447veSTPUpNG16GxaNFm8tEC8sc5sao5AEkM6amgn55R,Unknown
2025-10-05,2,TWO IS BETTER THAN ONE,9kfdKdj5yiZgozQB9V6qRvBxat5WKHcpNESNjAPxpump,Unknown
2025-10-05,1SOL,1SOL,mDJpLmXubnSYmesFYSeYck9AxmA76rpn6nnAs9ppump,Unknown
2025-10-05,WSTPANDA,Wall Street Panda,EFRoRp8wJsLy5kUZYSL95Tqp6ijVPsejWYMCn7ZjcG8L,Unknown
2025-10-06,1SOL,1 SOL and a dream,8D7n3WYZxUkmhUPveQU4XZdqLfDe4XLEEpPToAk4pump,Unknown
2025-10-06,BITX,Mega Bitminer X,BiTXcnGHmSvX6pwhZPmhsctjG3NjzMbTXtM2b7h5nDZC,Unknown
2025-10-07,Hamu,Hamu,ESJy7EVySoXbYvkq1V2RcDXYUicyZVe8hBHQeoDQpump,Unknown
2025-10-07,VAN,Man with a Van,4e3Qx8W2HoNQLh8zssRzNuwbatGnChzKee6gN63Zpump,Unknown
